player_name,competition_id,season_id,minutes,shots_faced,shots_saved,goals_conceded,save_pct,shots_faced_p90,sweeper_actions,avg_distance_from_goal,max_distance_from_goal,sweeper_actions_p90,total_passes,pass_success_pct,avg_pass_length,long_ball_pct,source
Aaron Ramsdale,900001,900001,2700,189,123,66,65.1,6.300000000000001,,,,,,,,,fbref
Alex McCarthy,900001,900001,450,37,24,13,64.9,7.4,,,,,,,,,fbref
Alex Palmer,900001,900001,1170,75,45,30,60,5.769230769230768,,,,,,,,,fbref
Alisson,900001,900001,2508,106,74,29,72.6,3.8038277511961724,,,,,,,,,fbref
Alphonse Areola,900001,900001,2260,121,80,41,66.1,4.818584070796461,,,,,,,,,fbref
Altay Bayındır,900001,900001,360,18,8,10,44.4,4.5,,,,,,,,,fbref
André Onana,900001,900001,3060,129,88,44,65.9,3.794117647058824,,,,,,,,,fbref
Antonín Kinský,900001,900001,540,35,24,11,68.6,5.833333333333333,,,,,,,,,fbref
Arijanet Muric,900001,900001,1620,103,70,33,68,5.722222222222222,,,,,,,,,fbref
Bart Verbruggen,900001,900001,3240,140,89,58,58.6,3.888888888888889,,,,,,,,,fbref
Bernd Leno,900001,900001,3420,158,107,54,65.8,4.157894736842105,,,,,,,,,fbref
Brandon Austin,900001,900001,90,4,2,2,50,4,,,,,,,,,fbref
Caoimhín Kelleher,900001,900001,900,37,24,12,67.6,3.7,,,,,,,,,fbref
Christian Walton,900001,900001,630,39,20,19,51.3,5.571428571428571,,,,,,,,,fbref
Daniel Bentley,900001,900001,180,12,8,4,66.7,6,,,,,,,,,fbref
Danny Ward,900001,900001,135,10,4,6,40,6.666666666666666,,,,,,,,,fbref
David Raya,900001,900001,3420,120,86,34,71.7,3.1578947368421053,,,,,,,,,fbref
Dean Henderson,900001,900001,3420,152,102,51,66.4,4,,,,,,,,,fbref
Ederson Moraes,900001,900001,2320,80,54,26,67.5,3.103448275862069,,,,,,,,,fbref
Emiliano Martínez,900001,900001,3194,146,99,47,67.8,4.113963681903569,,,,,,,,,fbref
Filip Jørgensen,900001,900001,540,29,20,9,69,4.833333333333333,,,,,,,,,fbref
Fraser Forster,900001,900001,630,42,28,15,64.3,6,,,,,,,,,fbref
Guglielmo Vicario,900001,900001,2160,105,68,37,64.8,4.375,,,,,,,,,fbref
Hákon Valdimarsson,900001,900001,145,5,3,2,60,3.103448275862069,,,,,,,,,fbref
Jakub Stolarczyk,900001,900001,900,44,28,16,63.6,4.4,,,,,,,,,fbref
Jason Steele,900001,900001,180,4,3,1,75,2,,,,,,,,,fbref
Joe Lumley,900001,900001,270,20,13,7,65,6.666666666666666,,,,,,,,,fbref
Jordan Pickford,900001,900001,3420,163,119,44,73,4.2894736842105265,,,,,,,,,fbref
José Sá,900001,900001,2609,117,69,48,59,4.036029129934841,,,,,,,,,fbref
Kepa Arrizabalaga,900001,900001,2790,136,97,39,71.3,4.387096774193549,,,,,,,,,fbref
Mads Hermansen,900001,900001,2385,160,102,58,63.8,6.037735849056604,,,,,,,,,fbref
Mark Flekken,900001,900001,3275,207,152,55,73.4,5.688549618320611,,,,,,,,,fbref
Mark Travers,900001,900001,450,25,20,5,80,5,,,,,,,,,fbref
Martin Dúbravka,900001,900001,900,41,29,12,70.7,4.1000000000000005,,,,,,,,,fbref
Matz Sels,900001,900001,3420,163,119,46,71.8,4.2894736842105265,,,,,,,,,fbref
Neto,900001,900001,180,13,11,2,84.6,6.499999999999999,,,,,,,,,fbref
Nick Pope,900001,900001,2520,122,87,35,71.3,4.357142857142858,,,,,,,,,fbref
Robert Sánchez,900001,900001,2880,128,94,34,73.4,4,,,,,,,,,fbref
Robin Olsen,900001,900001,226,14,8,6,57.1,5.575221238938053,,,,,,,,,fbref
Sam Johnstone,900001,900001,630,40,23,17,57.5,5.7142857142857135,,,,,,,,,fbref
Stefan Ortega,900001,900001,1100,51,33,18,64.7,4.172727272727273,,,,,,,,,fbref
Tom King,900001,900001,1,0,0,0,,0,,,,,,,,,fbref
Vitezslav Jaros,900001,900001,12,1,1,0,100,7.5,,,,,,,,,fbref
Łukasz Fabiański,900001,900001,1160,71,50,21,70.4,5.508620689655173,,,,,,,,,fbref
Adrian Rodriguez,900002,900001,122,6,4,2,66.7,4.426229508196721,,,,,,,,,fbref
Adrián,900002,900001,1710,77,50,27,64.9,4.052631578947368,,,,,,,,,fbref
Aitor Fernández,900002,900001,90,5,5,0,100,5,,,,,,,,,fbref
Alex Padilla,900002,900001,321,18,12,6,66.7,5.046728971962617,,,,,,,,,fbref
Andriy Lunin,900002,900001,630,20,13,7,65,2.8571428571428568,,,,,,,,,fbref
André Ferreira,900002,900001,540,40,20,20,50,6.666666666666666,,,,,,,,,fbref
Antonio Sivera,900002,900001,2810,106,75,39,63.2,3.395017793594306,,,,,,,,,fbref
Arnau Rafús,900002,900001,90,2,0,2,0,2,,,,,,,,,fbref
Augusto Batalla,900002,900001,2880,125,93,39,68.8,3.90625,,,,,,,,,fbref
Dani Cárdenas,900002,900001,540,20,14,6,70,3.333333333333333,,,,,,,,,fbref
David Soria,900002,900001,3420,128,89,39,69.5,3.368421052631579,,,,,,,,,fbref
Diego Conde,900002,900001,1962,96,63,33,65.6,4.4036697247706424,,,,,,,,,fbref
Dinko Horkaš,900002,900001,1085,55,36,19,65.5,4.56221198156682,,,,,,,,,fbref
Dominik Greif,900002,900001,2790,119,85,34,71.4,3.8387096774193545,,,,,,,,,fbref
Fran,900002,900001,90,2,0,2,0,2,,,,,,,,,fbref
Fran Vieites,900002,900001,360,12,7,5,58.3,3,,,,,,,,,fbref
Giorgi Mamardashvili,900002,900001,3060,139,91,48,65.5,4.088235294117647,,,,,,,,,fbref
Iván Villar,900002,900001,360,19,10,9,52.6,4.75,,,,,,,,,fbref
Iñaki Peña,900002,900001,1396,52,35,18,65.4,3.35243553008596,,,,,,,,,fbref
Jan Oblak,900002,900001,3240,116,86,30,74.1,3.2222222222222223,,,,,,,,,fbref
Jasper Cillessen,900002,900001,2335,130,88,42,67.7,5.010706638115631,,,,,,,,,fbref
Jesús Owono,900002,900001,487,14,7,7,50,2.5872689938398357,,,,,,,,,fbref
Joan García,900002,900001,3420,194,143,51,73.7,5.105263157894736,,,,,,,,,fbref
Juan Musso,900002,900001,180,2,2,0,100,1,,,,,,,,,fbref
Juan Soriano,900002,900001,540,26,19,7,73.1,4.333333333333333,,,,,,,,,fbref
Julen Agirrezabala,900002,900001,1206,34,24,10,70.6,2.537313432835821,,,,,,,,,fbref
Karl Jakob Hein,900002,900001,2790,164,96,68,58.5,5.290322580645161,,,,,,,,,fbref
Leo Román,900002,900001,630,50,40,10,80,7.142857142857142,,,,,,,,,fbref
Luiz Lúcio Reis Júnior,900002,900001,1458,65,49,18,72.3,4.012345679012346,,,,,,,,,fbref
Marc-André ter Stegen,900002,900001,674,23,14,9,60.9,3.0712166172106823,,,,,,,,,fbref
Marko Dmitrović,900002,900001,2880,145,102,49,66.2,4.53125,,,,,,,,,fbref
Pau López,900002,900001,45,3,1,2,33.3,6,,,,,,,,,fbref
Paulo Gazzaniga,900002,900001,3195,141,90,51,63.8,3.971830985915493,,,,,,,,,fbref
Rui Silva,900002,900001,1350,55,37,18,67.3,3.666666666666667,,,,,,,,,fbref
Sergio Herrera,900002,900001,3330,184,132,52,71.7,4.972972972972973,,,,,,,,,fbref
Stole Dimitrievski,900002,900001,360,12,6,6,50,3,,,,,,,,,fbref
Thibaut Courtois,900002,900001,2700,106,77,29,72.6,3.533333333333333,,,,,,,,,fbref
Unai Marrero,900002,900001,180,11,8,3,72.7,5.5,,,,,,,,,fbref
Unai Simón,900002,900001,1890,61,47,14,77,2.9047619047619047,,,,,,,,,fbref
Vicente Guaita,900002,900001,3060,129,81,48,62.8,3.794117647058824,,,,,,,,,fbref
Vladyslav Krapyvtsov,900002,900001,180,19,12,7,63.2,9.5,,,,,,,,,fbref
Wojciech Szczęsny,900002,900001,1350,33,21,12,63.6,2.2,,,,,,,,,fbref
Álex Remiro,900002,900001,3240,124,86,43,65.3,3.4444444444444446,,,,,,,,,fbref
Álvaro Fernández,900002,900001,747,36,20,16,55.6,4.337349397590362,,,,,,,,,fbref
Ørjan Nyland,900002,900001,2673,112,73,39,65.2,3.7710437710437708,,,,,,,,,fbref
Alexander Meyer,900003,900001,180,11,7,4,63.6,5.5,,,,,,,,,fbref
Alexander Nübel,900003,900001,3060,137,84,53,61.3,4.029411764705882,,,,,,,,,fbref
Alexander Schwolow,900003,900001,540,28,15,13,53.6,4.666666666666667,,,,,,,,,fbref
Ben Alexander Voll,900003,900001,91,6,4,2,66.7,5.934065934065934,,,,,,,,,fbref
Daniel Peretz,900003,900001,270,7,2,5,28.6,2.3333333333333335,,,,,,,,,fbref
Finn Dahmen,900003,900001,1710,84,65,19,77.4,4.421052631578948,,,,,,,,,fbref
Florian Müller,900003,900001,753,31,15,16,48.4,3.7051792828685257,,,,,,,,,fbref
Frank Feller,900003,900001,121,2,2,0,100,1.487603305785124,,,,,,,,,fbref
Frederik Rønnow,900003,900001,2520,109,72,37,66.1,3.892857142857143,,,,,,,,,fbref
Gregor Kobel,900003,900001,2880,128,84,47,63.3,4,,,,,,,,,fbref
Jonas Omlin,900003,900001,978,75,46,29,61.3,6.901840490797547,,,,,,,,,fbref
Jonas Urbig,900003,900001,720,28,16,12,57.1,3.5,,,,,,,,,fbref
Kamil Grabara,900003,900001,2585,137,89,49,64.2,4.769825918762089,,,,,,,,,fbref
Kauã Santos,900003,900001,765,49,37,12,75.5,5.76470588235294,,,,,,,,,fbref
Kevin Müller,900003,900001,2939,170,106,64,62.4,5.205852330724737,,,,,,,,,fbref
Kevin Trapp,900003,900001,2295,116,82,34,70.7,4.549019607843138,,,,,,,,,fbref
Lasse Rieß,900003,900001,180,8,6,2,75,4,,,,,,,,,fbref
Luca Philipp,900003,900001,540,35,20,15,57.1,5.833333333333333,,,,,,,,,fbref
Lukáš Hrádecký,900003,900001,2610,123,85,38,69.1,4.241379310344827,,,,,,,,,fbref
Maarten Vandevoordt,900003,900001,429,21,12,9,57.1,4.405594405594406,,,,,,,,,fbref
Manuel Neuer,900003,900001,1980,46,30,15,67.4,2.090909090909091,,,,,,,,,fbref
Marius Müller,900003,900001,475,23,18,5,78.3,4.3578947368421055,,,,,,,,,fbref
Matej Kovar,900003,900001,450,17,12,5,70.6,3.4,,,,,,,,,fbref
Michael Zetterer,900003,900001,3060,158,103,57,63.9,4.647058823529411,,,,,,,,,fbref
Moritz Nicolas,900003,900001,1639,93,68,25,73.1,5.106772422208664,,,,,,,,,fbref
Nediljko Labrović,900003,900001,1350,74,42,32,56.8,4.933333333333334,,,,,,,,,fbref
Nikola Vasilj,900003,900001,2969,132,93,39,70.5,4.001347254968003,,,,,,,,,fbref
Noah Atubolu,900003,900001,2307,118,82,37,68.6,4.603381014304292,,,,,,,,,fbref
Oliver Baumann,900003,900001,2520,137,88,53,61.3,4.892857142857143,,,,,,,,,fbref
Patrick Drewes,900003,900001,1890,99,53,46,53.5,4.714285714285714,,,,,,,,,fbref
Péter Gulácsi,900003,900001,2631,136,99,39,71.3,4.652223489167617,,,,,,,,,fbref
Robin Zentner,900003,900001,2880,142,101,41,71.1,4.4375,,,,,,,,,fbref
Sven Ulreich,900003,900001,90,0,0,0,,0,,,,,,,,,fbref
Thomas Dähne,900003,900001,810,55,36,19,65.5,6.111111111111111,,,,,,,,,fbref
Tiago Cardoso,900003,900001,380,23,20,3,87,5.447368421052632,,,,,,,,,fbref
Timo Horn,900003,900001,1170,55,33,22,60,4.230769230769231,,,,,,,,,fbref
Timon Weiner,900003,900001,2250,141,82,61,56.7,5.64,,,,,,,,,fbref
Tobias Sippel,900003,900001,59,4,1,3,25,6.101694915254237,,,,,,,,,fbref
Alberto Paleari,900004,900001,90,7,4,3,57.1,7,,,,,,,,,fbref
Alen Sherri,900004,900001,621,31,20,11,64.5,4.492753623188406,,,,,,,,,fbref
Alex Meret,900004,900001,3005,84,59,25,70.2,2.5158069883527454,,,,,,,,,fbref
Andrea Mazza,900004,900001,8,0,0,0,,0,,,,,,,,,fbref
Benjamin Siegrist,900004,900001,152,12,10,2,83.3,7.105263157894736,,,,,,,,,fbref
Christos Mandas,900004,900001,810,27,20,7,74.1,3,,,,,,,,,fbref
Daniele Padelli,900004,900001,90,3,3,0,100,3,,,,,,,,,fbref
Daniele Sommariva,900004,900001,28,3,2,1,66.7,9.642857142857142,,,,,,,,,fbref
David de Gea,900004,900001,3150,134,96,38,71.6,3.8285714285714283,,,,,,,,,fbref
Devis Vásquez,900004,900001,2880,127,82,45,64.6,3.9687500000000004,,,,,,,,,fbref
Elia Caprile,900004,900001,1945,76,53,23,69.73684210526315,3.5167095115681235,,,,,,,,,fbref
Emil Audero,900004,900001,720,35,17,18,48.6,4.375,,,,,,,,,fbref
Federico Ravaglia,900004,900001,1056,24,10,14,41.7,2.0454545454545454,,,,,,,,,fbref
Filip Stankovic,900004,900001,1367,84,61,23,72.6,5.530358449158742,,,,,,,,,fbref
Giuseppe Ciocci,900004,900001,9,0,0,0,,0,,,,,,,,,fbref
Ionuț Radu,900004,900001,1350,63,47,18,71.4,4.2,,,,,,,,,fbref
Ivan Provedel,900004,900001,2610,95,53,42,55.8,3.2758620689655173,,,,,,,,,fbref
Jacopo Seghetti,900004,900001,90,6,3,3,50,6,,,,,,,,,fbref
Jean Butez,900004,900001,1666,69,49,20,71,3.727490996398559,,,,,,,,,fbref
Jesse Joronen,900004,900001,703,42,27,15,64.3,5.376955903271693,,,,,,,,,fbref
Josep Martinez,900004,900001,450,15,12,3,80,3,,,,,,,,,fbref
Juan Musso,900004,900001,90,4,4,0,100,4,,,,,,,,,fbref
Leandro Chichizola,900004,900001,90,7,4,3,57.1,7,,,,,,,,,fbref
Lorenzo Montipò,900004,900001,3240,164,100,64,61,4.555555555555555,,,,,,,,,fbref
Maduka Okoye,900004,900001,2250,113,73,40,64.6,4.5200000000000005,,,,,,,,,fbref
Marco Carnesecchi,900004,900001,3060,132,98,34,74.2,3.8823529411764706,,,,,,,,,fbref
Marco Silvestri,900004,900001,450,27,16,11,59.3,5.3999999999999995,,,,,,,,,fbref
Marco Sportiello,900004,900001,126,6,4,2,66.7,4.285714285714286,,,,,,,,,fbref
Mattia Perin,900004,900001,450,16,13,3,81.3,3.2,,,,,,,,,fbref
Michele Di Gregorio,900004,900001,2970,99,71,32,67.7,3,,,,,,,,,fbref
Mike Maignan,900004,900001,3294,139,98,41,70.5,3.797814207650273,,,,,,,,,fbref
Mile Svilar,900004,900001,3420,153,118,35,77.1,4.026315789473684,,,,,,,,,fbref
Nicola Leali,900004,900001,2610,112,83,31,72.3,3.862068965517241,,,,,,,,,fbref
Pepe Reina,900004,900001,1034,42,28,14,66.7,3.6557059961315277,,,,,,,,,fbref
Pierluigi Gollini,900004,900001,630,32,17,15,53.1,4.571428571428571,,,,,,,,,fbref
Pietro Terracciano,900004,900001,270,14,10,3,78.6,4.666666666666667,,,,,,,,,fbref
Razvan Sava,900004,900001,1080,54,38,16,70.4,4.5,,,,,,,,,fbref
Rui Patrício,900004,900001,270,14,11,3,78.6,4.666666666666667,,,,,,,,,fbref
Semuel Pizzignacco,900004,900001,736,40,23,17,57.5,4.891304347826087,,,,,,,,,fbref
Simone Perilli,900004,900001,180,11,9,2,81.8,5.5,,,,,,,,,fbref
Simone Scuffet,900004,900001,1260,60,36,24,60,4.285714285714286,,,,,,,,,fbref
Stefano Turati,900004,900001,2676,145,93,52,64.1,4.876681614349776,,,,,,,,,fbref
Vanja Milinković-Savić,900004,900001,3330,173,131,42,75.7,4.675675675675675,,,,,,,,,fbref
Wladimiro Falcone,900004,900001,3420,177,127,58,67.2,4.657894736842105,,,,,,,,,fbref
Yann Sommer,900004,900001,2970,116,84,32,72.4,3.5151515151515147,,,,,,,,,fbref
Zion Suzuki,900004,900001,3240,148,95,53,64.2,4.111111111111111,,,,,,,,,fbref
Łukasz Skorupski,900004,900001,2364,83,51,33,60.2,3.15989847715736,,,,,,,,,fbref
Alban Lafont,900005,900001,1080,51,32,19,62.7,4.25,,,,,,,,,fbref
Anthony Lopes,900005,900001,1563,73,47,26,64.4,4.203454894433781,,,,,,,,,fbref
Arnau Tenas,900005,900001,90,4,3,1,75,4,,,,,,,,,fbref
Arthur Desmas,900005,900001,1620,94,56,38,59.6,5.222222222222222,,,,,,,,,fbref
Benjamin Lecomte,900005,900001,2700,176,108,68,61.4,5.866666666666666,,,,,,,,,fbref
Brice Samba,900005,900001,2879,139,98,41,70.50359712230215,4.345258770406391,,,,,,,,,fbref
Dimitry Bertaud,900005,900001,360,21,10,11,47.6,5.25,,,,,,,,,fbref
Donovan Léon,900005,900001,2880,169,121,48,71.6,5.28125,,,,,,,,,fbref
Gauthier Gallon,900005,900001,45,0,0,0,,0,,,,,,,,,fbref
Gautier Larsonneur,900005,900001,3060,210,133,77,63.3,6.176470588235294,,,,,,,,,fbref
Gerónimo Rulli,900005,900001,3060,136,89,47,65.4,4,,,,,,,,,fbref
Gianluigi Donnarumma,900005,900001,2091,75,50,25,66.7,3.2281205164992826,,,,,,,,,fbref
Grégoire Coudert,900005,900001,180,14,9,5,64.3,7,,,,,,,,,fbref
Guillaume Restes,900005,900001,2543,94,58,36,61.7,3.326779394416044,,,,,,,,,fbref
Hervé Koffi,900005,900001,450,26,18,8,69.2,5.2,,,,,,,,,fbref
Karl-Johan Johnsson,900005,900001,270,22,16,6,72.7,7.333333333333334,,,,,,,,,fbref
Kjetil Haug,900005,900001,498,16,9,7,56.3,2.8915662650602405,,,,,,,,,fbref
Lucas Chevalier,900005,900001,3060,127,94,36,71.7,3.735294117647059,,,,,,,,,fbref
Lucas Perri,900005,900001,2970,160,116,44,72.5,4.848484848484849,,,,,,,,,fbref
Marcin Bułka,900005,900001,3060,161,120,41,74.5,4.735294117647059,,,,,,,,,fbref
Marco Bizot,900005,900001,2880,130,76,54,58.5,4.0625,,,,,,,,,fbref
Mathew Ryan,900005,900001,1260,60,43,17,71.7,4.285714285714286,,,,,,,,,fbref
Mathieu Gorgelin,900005,900001,1440,83,50,33,60.2,5.1875,,,,,,,,,fbref
Matvei Safonov,900005,900001,879,26,17,9,65.4,2.6621160409556315,,,,,,,,,fbref
Melvin Zinga,900005,900001,90,4,2,2,50,4,,,,,,,,,fbref
Patrik Carlgren,900005,900001,417,28,21,7,75,6.043165467625899,,,,,,,,,fbref
Philipp Köhn,900005,900001,1710,64,45,19,70.3,3.368421052631579,,,,,,,,,fbref
Radosław Majecki,900005,900001,1350,65,43,22,66.2,4.333333333333333,,,,,,,,,fbref
Rémy Descamps,900005,900001,90,6,4,2,66.7,6,,,,,,,,,fbref
Steve Mandanda,900005,900001,1486,53,29,24,54.7,3.2099596231493943,,,,,,,,,fbref
Théo De Percin,900005,900001,180,8,5,3,62.5,4,,,,,,,,,fbref
Yahia Fofana,900005,900001,2970,187,136,51,72.7,5.666666666666666,,,,,,,,,fbref
Yehvann Diouf,900005,900001,3060,176,133,47,73.3,5.1764705882352935,,,,,,,,,fbref
Álex Domínguez,900005,900001,19,0,0,0,,0,,,,,,,,,fbref
Đorđe Petrović,900005,900001,2790,148,110,38,74.3,4.774193548387097,,,,,,,,,fbref
Adam Federici,2,27,495,58,14,14,50,10.545454545454547,,,,,130,74.61538461538461,40.17767784307693,48.46153846153846,statsbomb
Adrián San Miguel del Castillo,2,27,2880,452,98,32,75.38461538461539,14.125,27,19.082330579592302,48.64123764872765,0.84375,998,55.71142284569138,51.13719811803607,68.6372745490982,statsbomb
Alex McCarthy,2,27,630,136,33,6,84.61538461538461,19.42857142857143,1,28.856195175386517,28.856195175386517,0.14285714285714285,220,44.54545454545455,59.964185740909095,84.0909090909091,statsbomb
Artur Boruc,2,27,2880,369,72,48,60,11.531249999999998,14,15.629284641861284,31.754684693758186,0.4375,913,63.088718510405265,45.21938560120482,55.6407447973713,statsbomb
Asmir Begović,2,27,1399,201,59,22,72.8395061728395,12.930664760543245,8,17.60534883686428,28.496491012052694,0.5146533238027162,410,55.1219512195122,49.07480538853658,61.70731707317073,statsbomb
Ben Foster,2,27,1350,230,46,15,75.40983606557377,15.333333333333332,6,15.032703854738772,25.437963754986367,0.4,408,49.50980392156863,60.19793744362745,85.04901960784314,statsbomb
Bradley Guzan,2,27,2520,372,89,53,62.676056338028175,13.285714285714286,13,20.414938045567617,46.65543912557249,0.4642857142857143,840,57.85714285714286,52.02247060476191,73.09523809523809,statsbomb
Carl Jenkinson,2,27,90,,,,,,,,,,2,100,71.784762,100,statsbomb
Costel Fane Pantilimon,2,27,1530,270,71,28,71.71717171717171,15.882352941176471,13,20.811609063003644,35.17328531712669,0.7647058823529411,560,50.17857142857143,53.11560149392857,73.92857142857143,statsbomb
Danny Ward,2,27,180,38,11,4,73.33333333333333,19,2,19.92841301297851,20.535335400231478,1,58,56.896551724137936,43.574923017241375,51.724137931034484,statsbomb
Darren Randolph,2,27,540,68,13,11,54.166666666666664,11.333333333333332,2,24.540457949449273,35.80349144985723,0.33333333333333337,192,54.166666666666664,58.22187908854167,74.47916666666666,statsbomb
David Ospina Ramírez,2,27,360,56,17,5,77.27272727272727,14,4,21.79797892052856,33.38637446623997,1,127,58.26771653543307,51.010558716535435,70.86614173228347,statsbomb
David de Gea Quintana,2,27,3060,383,83,29,74.10714285714286,11.264705882352942,9,17.504809021657834,24.13462243334252,0.2647058823529412,956,62.34309623430963,48.587677094665274,63.07531380753139,statsbomb
Declan Rudd,2,27,990,139,32,18,64,12.636363636363635,8,18.657486000918702,30.166372005927396,0.7272727272727273,334,44.61077844311377,55.8136221272455,76.64670658682635,statsbomb
Fraser Forster,2,27,1620,227,54,17,76.05633802816901,12.61111111111111,2,15.240194435063122,17.97998887652604,0.1111111111111111,487,52.56673511293635,57.68465897043121,79.46611909650923,statsbomb
Giedrius Arlauskis,2,27,24,2,0,1,0,7.5,,,,,6,66.66666666666666,66.28534499999999,83.33333333333334,statsbomb
Glyn Oliver Myhill,2,27,2070,317,67,25,72.82608695652173,13.782608695652174,9,19.967466998509686,34.3726635569605,0.391304347826087,661,46.89863842662632,59.194737807866865,82.45083207261725,statsbomb
Heurelho da Silva Gomes,2,27,3396,499,123,43,74.09638554216868,13.224381625441696,28,18.613016500773984,39.93356983791958,0.7420494699646643,1132,52.3851590106007,57.18520688392226,78.97526501766784,statsbomb
Hugo Lloris,2,27,3330,415,89,30,74.78991596638656,11.216216216216216,29,21.788165881456315,45.423452092503936,0.7837837837837838,1217,67.13229252259654,42.58354278159408,48.89071487263764,statsbomb
Jack Butland,2,27,2790,420,101,34,74.81481481481481,13.548387096774194,14,18.700546972049427,31.508252887140536,0.45161290322580644,1013,54.3928923988154,53.02797696219151,69.39782823297136,statsbomb
Jakob Haugaard,2,27,405,63,12,10,54.54545454545454,14,2,15.432588943749362,16.55294535724685,0.4444444444444444,145,56.55172413793104,59.5916059586207,78.62068965517241,statsbomb
Joe Hart,2,27,3109,300,74,33,69.1588785046729,8.684464458025088,16,15.142131284061756,29.38196725884773,0.46317143776133807,848,59.198113207547166,48.06687995943396,62.02830188679245,statsbomb
Joel Robles Blázquez,2,27,1170,209,47,18,72.3076923076923,16.076923076923077,7,18.762365424618622,34.123598872334675,0.5384615384615385,475,52.63157894736842,51.75327068210527,66.73684210526316,statsbomb
John Ruddy,2,27,2430,351,69,39,63.888888888888886,12.999999999999998,17,18.879199266171014,33.4534004250689,0.6296296296296297,905,55.69060773480663,52.4496941722652,69.50276243093923,statsbomb
Jordan Pickford,2,27,180,46,11,4,73.33333333333333,23,3,11.850836423666424,16.487874332369227,1.5,78,38.46153846153847,66.71445067948717,89.74358974358975,statsbomb
Julián Speroni,2,27,180,34,10,4,71.42857142857143,17,2,18.407985556581153,27.791005739267515,1,68,60.29411764705882,49.83186068382353,70.58823529411765,statsbomb
Karl Darlow,2,27,810,117,22,11,66.66666666666666,12.999999999999998,6,28.977335086698876,85.82406422443533,0.6666666666666667,246,48.3739837398374,55.92770200162602,78.45528455284553,statsbomb
Kasper Schmeichel,2,27,3420,510,102,32,76.11940298507463,13.421052631578947,18,16.89289208329817,28.16611439300778,0.47368421052631576,1220,39.09836065573771,63.40321498237705,86.63934426229508,statsbomb
Kelvin Davis,2,27,90,27,5,2,71.42857142857143,27,,,,,29,48.275862068965516,44.914289172413795,58.620689655172406,statsbomb
Kristoffer Nordfeldt,2,27,90,18,4,1,80,18,,,,,29,79.3103448275862,47.184800103448275,58.620689655172406,statsbomb
Maarten Stekelenburg,2,27,1530,190,33,18,64.70588235294117,11.176470588235293,4,15.817414416600949,20.084820138602186,0.23529411764705882,467,61.88436830835118,49.364849690149896,60.599571734475376,statsbomb
Mark Bunn,2,27,900,128,24,16,60,12.8,4,13.133740316358434,19.11753122136852,0.4,270,48.51851851851852,55.626908005185186,83.33333333333334,statsbomb
Michel Vorm,2,27,90,9,1,0,100,9,,,,,49,95.91836734693877,27.995707663265303,14.285714285714285,statsbomb
Paulo Dino Gazzaniga,2,27,180,25,8,3,72.72727272727273,12.5,3,18.412745692597024,32.81234523773026,1.5,64,64.0625,54.257196734375,73.4375,statsbomb
Petr Čech,2,27,3060,396,100,27,78.74015748031496,11.647058823529413,27,20.175716321082675,42.54092147568033,0.7941176470588235,1036,63.12741312741312,50.40957719913128,63.51351351351351,statsbomb
Rob Elliot,2,27,1890,291,60,32,65.21739130434783,13.857142857142858,14,16.888839743061506,25.86986664055306,0.6666666666666667,688,55.52325581395349,54.32919811177325,78.63372093023256,statsbomb
Ryan Allsop,2,27,45,5,0,1,0,10,,,,,10,90,30.386416500000003,20,statsbomb
Sergio Germán Romero,2,27,360,29,9,2,81.81818181818183,7.250000000000001,4,23.14046563374865,27.465796911795586,1,140,65,41.55756695,49.28571428571429,statsbomb
Shay Given,2,27,225,49,7,6,53.84615384615385,19.599999999999998,1,20.29704411977271,20.29704411977271,0.4,67,65.67164179104478,52.3961031641791,79.1044776119403,statsbomb
Simon Mignolet,2,27,3060,343,70,39,64.22018348623854,10.088235294117647,18,19.903605775161473,47.84830195524184,0.5294117647058824,934,65.95289079229121,43.23440174507495,52.141327623126344,statsbomb
Thibaut Courtois,2,27,2018,286,65,26,71.42857142857143,12.755203171456888,12,16.055601771602277,30.22333535531775,0.535183349851338,638,57.993730407523515,48.43150849796238,61.12852664576802,statsbomb
Tim Howard,2,27,2250,341,87,31,73.72881355932203,13.64,11,11.847316449552723,16.28895331198417,0.44,805,68.81987577639752,41.96228189465839,49.56521739130435,statsbomb
Timothy Michael Krul,2,27,720,144,35,16,68.62745098039215,18,2,24.654878298626457,29.446222168556698,0.25,281,58.718861209964416,49.43101447508897,64.05693950177937,statsbomb
Vito Mannone,2,27,1710,256,76,22,77.55102040816327,13.473684210526317,14,18.14224908810673,37.04726710568541,0.736842105263158,633,43.75987361769352,57.34641341548184,79.93680884676145,statsbomb
Wayne Hennessey,2,27,2610,395,81,33,71.05263157894737,13.620689655172415,10,22.12578565897086,35.66342664411259,0.3448275862068965,869,49.59723820483315,58.00123054177215,74.10817031070196,statsbomb
Wilfredo Daniel Caballero,2,27,311,40,14,5,73.68421052631578,11.57556270096463,1,23.10086578464106,23.10086578464106,0.28938906752411575,91,56.043956043956044,50.27715571428571,65.93406593406593,statsbomb
Ádám Bogdán,2,27,180,19,2,4,33.33333333333333,9.5,1,6.463745044476923,6.463745044476923,0.5,49,51.02040816326531,47.17070848163266,61.224489795918366,statsbomb
Łukasz Fabiański,2,27,3330,505,121,44,73.33333333333333,13.64864864864865,22,18.300190817863708,57.06461250197008,0.5945945945945945,1212,63.366336633663366,45.6271157030528,57.17821782178218,statsbomb
Abdoulaye Diallo,7,27,630,86,24,9,72.72727272727273,12.285714285714285,8,14.308070156102868,18.33712082089225,1.1428571428571428,169,75.7396449704142,41.53231672781065,52.071005917159766,statsbomb
Alban Lafont,7,27,2144,260,51,27,65.38461538461539,10.914179104477613,21,21.226476234815532,53.562860267166464,0.8815298507462687,688,48.69186046511628,50.29809514549418,69.04069767441861,statsbomb
Alexandre Letellier,7,27,1530,192,52,20,72.22222222222221,11.294117647058822,16,16.605932894301407,24.46752950340512,0.9411764705882353,471,60.29723991507431,50.46272218895966,69.00212314225053,statsbomb
Ali Nadhoim Ahamada,7,27,540,62,16,15,51.61290322580645,10.333333333333334,3,13.05415972324778,15.56663097783204,0.5,122,50,49.401450209836064,63.114754098360656,statsbomb
Anthony Lopes,7,27,3330,354,102,39,72.3404255319149,9.567567567567567,59,17.460342407151913,34.53939779440284,1.5945945945945945,1065,71.36150234741784,38.99651947483568,41.690140845070424,statsbomb
Benjamin Lecomte,7,27,3240,485,120,50,70.58823529411765,13.472222222222221,61,17.74367668377768,55.43013620766234,1.6944444444444446,1244,56.91318327974276,49.142880474919615,64.54983922829582,statsbomb
Benoît Guy Robert Costil,7,27,2790,380,91,42,68.42105263157895,12.258064516129034,26,14.998778773584853,34.09750724026611,0.8387096774193549,911,60.1536772777168,49.45614834917673,65.75192096597145,statsbomb
Clément Maury,7,27,2970,362,93,47,66.42857142857143,10.96969696969697,60,19.095028827158583,44.404616877077096,1.8181818181818183,1271,59.24468922108576,50.96976493509048,68.37136113296617,statsbomb
Cédric Carrasso,7,27,1714,195,56,26,68.29268292682927,10.239206534422403,14,19.983306051490477,32.21257518423512,0.73512252042007,581,60.24096385542169,46.950900378141135,63.51118760757315,statsbomb
Danijel Subašić,7,27,3240,459,117,48,70.9090909090909,12.75,25,20.02130733007324,45.002444378055735,0.6944444444444444,971,59.11431513903192,51.33822356488157,66.01441812564367,statsbomb
Denis Petrić,7,27,990,166,37,19,66.07142857142857,15.09090909090909,9,12.265976120474852,19.467151820438445,0.8181818181818181,325,57.53846153846154,47.08980715076923,58.46153846153847,statsbomb
Florent Chaigneau,7,27,178,25,9,5,64.28571428571429,12.640449438202248,4,23.09057378885229,36.58756619399547,2.0224719101123596,61,49.18032786885246,53.61177534426229,67.21311475409836,statsbomb
Geoffrey Jourdren,7,27,630,93,19,8,70.37037037037037,13.285714285714286,9,18.45471430810657,27.10295186875408,1.2857142857142856,229,52.838427947598255,51.56542499694323,70.74235807860262,statsbomb
Jean-Louis Leca,7,27,2896,336,85,30,73.91304347826086,10.441988950276242,45,14.987975523842646,29.77129489961765,1.3984806629834254,1137,49.252418645558485,52.53954579120493,74.75813544415128,statsbomb
Jesper Hansen,7,27,312,58,12,6,66.66666666666666,16.73076923076923,4,15.031972258701288,25.888414397177748,1.1538461538461537,114,41.228070175438596,53.22958487280702,71.9298245614035,statsbomb
Johann Carrasso,7,27,900,107,33,19,63.46153846153846,10.700000000000001,13,21.12667936750201,37.26781453211336,1.3,271,48.33948339483395,50.36862368966789,69.37269372693727,statsbomb
Johny Placide,7,27,1619,217,46,21,68.65671641791045,12.063001852995678,24,18.63075268611285,30.59297304937851,1.3341568869672638,545,55.04587155963303,49.91530098807339,68.07339449541284,statsbomb
Jonas Lössl,7,27,3330,475,112,46,70.88607594936708,12.837837837837839,52,17.513349694825255,32.67414880299103,1.4054054054054053,1115,54.88789237668161,53.121413108609865,70.85201793721974,statsbomb
Jonathan Ligali,7,27,540,71,15,9,62.5,11.833333333333332,7,15.913522708714682,24.326117651610584,1.1666666666666667,165,55.15151515151515,51.87218575757576,72.12121212121212,statsbomb
Jules Goda,7,27,220,20,6,0,100,8.181818181818182,3,18.53843635375065,25.193848455525806,1.2272727272727273,92,63.04347826086957,45.39783281521739,61.95652173913043,statsbomb
Jérôme Prior,7,27,986,105,32,6,84.21052631578947,9.584178498985802,9,19.743491435190865,38.606346628501385,0.821501014198783,379,54.61741424802111,51.89385878733509,78.3641160949868,statsbomb
Kevin Trapp,7,27,3015,310,80,17,82.4742268041237,9.253731343283583,19,20.305972663469888,32.73316361123685,0.5671641791044776,877,84.60661345496008,31.19737946613455,29.532497149372862,statsbomb
Kossi Agassa,7,27,901,128,33,13,71.73913043478261,12.785793562708102,17,17.63568663453737,31.756889016400834,1.6981132075471697,336,64.88095238095238,47.48783886339286,61.60714285714286,statsbomb
Laurent Pionnier,7,27,2250,260,61,27,69.31818181818183,10.4,42,18.801725520324656,43.917422510889686,1.6800000000000002,682,56.158357771260995,49.54877375703812,68.91495601173021,statsbomb
Ludovic Butelle,7,27,1710,212,39,10,79.59183673469387,11.157894736842106,29,13.724918134018937,32.81737344761156,1.526315789473684,537,62.19739292364991,50.10835455605214,66.4804469273743,statsbomb
Mamadou Samassa,7,27,90,11,2,1,66.66666666666666,11,,,,,31,51.61290322580645,56.13422751612903,83.87096774193549,statsbomb
Mathieu Gorgelin,7,27,90,9,3,0,100,9,1,30.94915184621382,30.94915184621382,1,31,48.38709677419355,45.933492032258066,61.29032258064516,statsbomb
Matthieu Dreyer,7,27,1260,231,56,31,64.36781609195403,16.5,16,15.768286645758295,32.477838598034815,1.1428571428571428,446,65.69506726457399,42.463166687892375,51.569506726457405,statsbomb
Mauro Daniel Goicoechea Furia,7,27,736,95,18,12,60,11.616847826086955,10,14.665299153582817,26.086969927532788,1.2228260869565217,246,47.96747967479675,52.095055128048784,70.32520325203252,statsbomb
Maxime Dupé,7,27,630,99,33,11,75,14.142857142857142,7,13.560585082045716,22.138202275704323,1,232,60.775862068965516,45.661803433189654,60.775862068965516,statsbomb
Mike Maignan,7,27,289,30,8,3,72.72727272727273,9.342560553633218,5,20.8858443911158,32.50384592629001,1.5570934256055364,92,70.65217391304348,38.31026368804348,40.21739130434783,statsbomb
Mouez Hassen,7,27,1076,131,33,13,71.73913043478261,10.95724907063197,13,18.048575332518634,34.026166401756164,1.0873605947955391,337,56.37982195845698,45.767357454599406,54.3026706231454,statsbomb
Nicolas Douchez,7,27,90,15,3,0,100,15,1,13.377593206552515,13.377593206552515,1,33,90.9090909090909,24.984970575757576,15.151515151515152,statsbomb
Paul Bernardoni,7,27,1890,319,77,36,68.14159292035397,15.19047619047619,25,15.619977249475589,37.13569711207802,1.1904761904761905,674,48.81305637982196,51.725657488278934,70.02967359050444,statsbomb
Paul Guerin,7,27,140,23,7,1,87.5,14.785714285714286,1,22.945587811167528,22.945587811167528,0.6428571428571428,48,43.75,58.331204202083335,85.41666666666666,statsbomb
Paul Nardi,7,27,180,16,3,0,100,8,,,,,44,81.81818181818183,32.89488860227273,29.545454545454547,statsbomb
Rémy Riou,7,27,2790,301,68,27,71.57894736842105,9.709677419354838,49,17.677238985274165,38.43657112698791,1.5806451612903227,1054,62.808349146110054,48.02667097182164,62.14421252371917,statsbomb
Rémy Vercoutre,7,27,3420,475,121,48,71.59763313609467,12.5,34,17.990399307254243,33.510893751137104,0.8947368421052633,1042,55.5662188099808,56.794294832533595,82.62955854126679,statsbomb
Salvatore Sirigu,7,27,225,27,12,0,100,10.799999999999999,4,14.976265553863836,29.642199648474133,1.6,93,83.87096774193549,31.407248422580647,24.731182795698924,statsbomb
Simon Pouplin,7,27,36,2,0,0,,5,,,,,15,46.666666666666664,50.53899013333333,73.33333333333333,statsbomb
Steve Mandanda,7,27,3240,392,95,31,75.39682539682539,10.88888888888889,36,16.64921177050094,29.880428377116683,1,1383,68.40202458423717,41.189283929718,50.2530730296457,statsbomb
Stéphane Ruffier,7,27,3330,426,107,33,76.42857142857142,11.513513513513514,42,15.69358469291038,28.71114766079545,1.135135135135135,1190,59.66386554621849,44.68766241168068,57.899159663865554,statsbomb
Thomas Vincensini,7,27,119,18,6,0,100,13.61344537815126,2,14.017100188428167,15.606408939919522,1.5126050420168067,47,38.297872340425535,57.610741,87.2340425531915,statsbomb
Vincent Enyeama,7,27,3128,353,94,22,81.03448275862068,10.156649616368286,33,16.597603577225104,29.811574933236923,0.9494884910485933,1094,59.41499085923218,46.401812443967096,63.43692870201097,statsbomb
Yoan Cardinale,7,27,2307,287,73,22,76.84210526315789,11.196358907672302,21,16.40425329093451,27.195036311797786,0.8192457737321196,716,68.57541899441341,40.14157733896648,46.36871508379888,statsbomb
Yohann Pelé,7,27,180,21,6,2,75,10.5,3,17.11689412326996,21.98226557932553,1.5,70,85.71428571428571,28.92558429,22.857142857142858,statsbomb
Alban Lafont,7,235,180,37,11,6,64.70588235294117,18.5,4,16.16363772339145,26.29543686649834,2,59,72.88135593220339,35.88381130508475,35.59322033898305,statsbomb
Alexander Nübel,7,235,90,17,4,0,100,17,1,32.73912033027155,32.73912033027155,1,29,65.51724137931035,44.06741579310345,51.724137931034484,statsbomb
Alexandre Letellier,7,235,10,,,,,,,,,,4,100,16.054323375,0,statsbomb
Anthony Lopes,7,235,180,31,11,1,91.66666666666666,15.5,1,16.3783393541592,16.3783393541592,0.5,50,76,38.319050080000004,40,statsbomb
Benjamin Lecomte,7,235,90,17,3,3,50,17,,,,,33,69.6969696969697,39.50434472727272,48.484848484848484,statsbomb
Benjamin Leroy,7,235,90,11,3,3,50,11,,,,,24,70.83333333333334,48.02172766666666,70.83333333333334,statsbomb
Benoît Guy Robert Costil,7,235,90,9,1,5,16.666666666666664,9,1,15.281688388394787,15.281688388394787,1,31,64.51612903225806,45.73617648387097,61.29032258064516,statsbomb
Brice Samba,7,235,90,15,4,3,57.14285714285714,15,,,,,23,82.6086956521739,36.629048608695655,34.78260869565217,statsbomb
François-Joseph Sollacaro,7,235,90,16,4,4,50,16,1,14.85193590075045,14.85193590075045,1,26,57.692307692307686,46.7836781923077,61.53846153846154,statsbomb
Gauthier Gallon,7,235,90,18,7,3,70,18,3,11.659634531817575,12.822636234409835,3,34,79.41176470588235,29.50825435294118,23.52941176470588,statsbomb
Gianluigi Donnarumma,7,235,2870,362,100,29,77.51937984496125,11.35191637630662,21,17.715753878899317,46.99148859102039,0.6585365853658537,779,86.64955070603338,25.26509701861361,18.870346598202826,statsbomb
Ionuț Andrei Radu,7,235,90,15,2,2,50,15,1,23.917566765873154,23.917566765873154,1,23,65.21739130434783,39.801867217391305,47.82608695652174,statsbomb
Jonas Omlin,7,235,90,18,5,3,62.5,18,1,18.304371062672434,18.304371062672434,1,33,84.84848484848484,27.01304931212121,21.21212121212121,statsbomb
Kasper Schmeichel,7,235,180,25,4,4,50,12.5,,,,,43,95.34883720930233,29.897350558139536,25.581395348837212,statsbomb
Leonardo Cesar Jardim,7,235,90,16,2,7,22.22222222222222,16,1,15.344380078712858,15.344380078712858,1,38,81.57894736842105,27.62435425,23.684210526315788,statsbomb
Lucas Chevalier,7,235,90,12,6,4,60,12,1,21.19811312357777,21.19811312357777,1,36,86.11111111111111,30.53836002777778,25,statsbomb
Marco Bizot,7,235,180,31,8,3,72.72727272727273,15.5,3,30.154484984843293,56.4797308775458,1.5,58,68.96551724137932,43.386513982758615,51.724137931034484,statsbomb
Matz Sels,7,235,90,7,1,1,50,7,2,12.303511341797874,16.84042754801671,2,12,83.33333333333334,30.598233500000003,33.33333333333333,statsbomb
Maxime Dupé,7,235,180,43,12,5,70.58823529411765,21.5,,,,,61,77.04918032786885,33.06135906557377,29.508196721311474,statsbomb
Mory Diaw,7,235,180,33,11,6,64.70588235294117,16.5,4,19.724231816258374,23.51850335374256,2,71,73.23943661971832,37.225333928169015,40.845070422535215,statsbomb
Pau López Sabata,7,235,180,34,11,4,73.33333333333333,17,,,,,50,94,32.92639855,26,statsbomb
Paul Bernardoni,7,235,180,19,6,4,60,9.5,2,30.4763022691402,31.39554108468271,1,32,75,29.765957040625,28.125,statsbomb
Steve Mandanda,7,235,180,25,9,0,100,12.5,4,13.227189664057631,15.768956845650887,2,88,70.45454545454545,40.653949727272725,52.27272727272727,statsbomb
Yehvann Diouf,7,235,90,12,3,1,75,12,,,,,19,100,30.46086447368421,31.57894736842105,statsbomb
Yvon Landry Mvogo,7,235,90,13,3,1,75,12.999999999999998,,,,,17,82.35294117647058,26.775971764705883,29.411764705882355,statsbomb
Alexander Nübel,9,281,180,32,8,3,72.72727272727273,16,5,21.314963772352826,29.182186347153632,2.5,106,75.47169811320755,33.127845594339625,37.735849056603776,statsbomb
Finn Dahmen,9,281,90,25,5,1,83.33333333333334,25,3,18.76409075346334,33.082321563034235,3,43,67.44186046511628,44.429319232558136,58.139534883720934,statsbomb
Frederik Rønnow,9,281,180,37,13,4,76.47058823529412,18.5,2,10.61249513385402,13.147243057006285,1,81,62.96296296296296,43.028131271604934,50.617283950617285,statsbomb
Gregor Kobel,9,281,180,36,7,2,77.77777777777779,18,3,8.966645491109569,10.381233067415453,1.5,97,74.22680412371135,38.48681241030928,45.36082474226804,statsbomb
Janis Blaswich,9,281,180,29,6,6,50,14.500000000000002,4,26.832546131814595,40.61095911204264,2,108,82.4074074074074,30.917532689814813,25,statsbomb
Jonas Omlin,9,281,90,24,8,3,72.72727272727273,24,1,9.027181176868005,9.027181176868005,1,38,78.94736842105263,32.64621955263158,31.57894736842105,statsbomb
Kevin Müller,9,281,180,38,7,5,58.333333333333336,19,5,13.115425321527848,17.670880000724356,2.5,80,65,41.97320714375,50,statsbomb
Kevin Trapp,9,281,180,21,4,6,40,10.5,3,21.271591701886912,28.859140666346942,1.5,77,75.32467532467533,31.817315577922077,33.76623376623377,statsbomb
Koen Casteels,9,281,90,19,6,2,75,19,2,25.440449543626226,36.01180362047977,2,42,57.14285714285714,52.52073711904762,71.42857142857143,statsbomb
Lukáš Hrádecký,9,281,2970,288,80,24,76.92307692307693,8.727272727272727,36,18.117549822598953,28.859140666346946,1.0909090909090908,882,80.15873015873017,31.339292716893425,29.931972789115648,statsbomb
Manuel Neuer,9,281,90,14,6,3,66.66666666666666,14,,,,,36,72.22222222222221,29.31839433333333,30.555555555555557,statsbomb
Manuel Riemann,9,281,180,43,9,7,56.25,21.5,6,26.23441123363187,42.012022088921164,3,109,50.45871559633027,52.13788602752294,70.64220183486239,statsbomb
Marcel Schuhen,9,281,180,45,13,7,65,22.5,2,17.577919237823963,21.47044480209947,1,73,54.794520547945204,48.07734895890411,63.013698630136986,statsbomb
Marvin Schwäbe,9,281,180,40,10,5,66.66666666666666,20,1,47.51431363284121,47.51431363284121,0.5,79,69.62025316455697,39.243553997468354,44.303797468354425,statsbomb
Matěj Kovář,9,281,90,4,3,0,100,4,1,18.07373785358192,18.07373785358192,1,17,100,23.13017870588235,0,statsbomb
Michael Zetterer,9,281,180,33,7,6,53.84615384615385,16.5,6,12.858343254830686,20.081085628023203,3,90,81.11111111111111,30.650202328888888,28.888888888888886,statsbomb
Moritz Nicolas,9,281,90,28,9,0,100,28,1,14.885227576359055,14.885227576359055,1,37,56.75675675675676,46.95644143243243,70.27027027027027,statsbomb
Noah Atubolu,9,281,180,37,6,4,60,18.5,3,18.9364058578083,28.07436553156634,1.5,61,77.04918032786885,40.34350432622951,47.540983606557376,statsbomb
Oliver Baumann,9,281,180,44,11,5,68.75,22,,,,,92,76.08695652173914,34.75829274565218,38.04347826086957,statsbomb
Pavao Pervan,9,281,90,13,5,2,71.42857142857143,12.999999999999998,1,7.3375745311376575,7.3375745311376575,1,42,61.904761904761905,36.6673891452381,42.857142857142854,statsbomb
Robin Zentner,9,281,180,22,4,4,50,11,5,21.06426513605326,36.22154055254967,2.5,57,64.91228070175438,37.832200566666664,45.614035087719294,statsbomb
Sven Ulreich,9,281,90,12,3,1,75,12,1,20.254875956174107,20.254875956174107,1,36,69.44444444444444,34.76602464166667,41.66666666666667,statsbomb
Tomáš Koubek,9,281,90,20,6,2,75,20,,,,,34,70.58823529411765,38.567334,47.05882352941176,statsbomb
Alberto García Cabrera,11,27,540,94,26,12,68.42105263157895,15.666666666666666,8,11.197537889177529,17.395401691251624,1.3333333333333335,206,49.51456310679612,53.67487189805826,69.90291262135922,statsbomb
Alphonse Areola,11,27,2880,374,82,24,77.35849056603774,11.687500000000002,31,18.26784710211597,44.65926555598514,0.96875,861,55.86527293844367,50.90879290592335,68.17653890824621,statsbomb
Andrés Eduardo Fernández Moreno,11,27,3330,414,103,60,63.190184049079754,11.18918918918919,35,18.997509427858514,45.58080736450376,0.945945945945946,1136,56.690140845070424,49.98207072667254,69.10211267605634,statsbomb
Antonio Adán Garrido,11,27,3212,505,127,49,72.1590909090909,14.150062266500623,28,14.39993834752518,31.28785706947665,0.7845579078455791,1144,43.35664335664335,55.63070645638111,78.4090909090909,statsbomb
Antonio Rodríguez Martínez,11,27,805,89,25,10,71.42857142857143,9.950310559006212,17,26.430507567393065,46.58433213001985,1.9006211180124224,331,73.1117824773414,41.04317616706948,46.82779456193353,statsbomb
António Alberto Bastos Pimparel,11,27,360,67,14,7,66.66666666666666,16.75,,,,,121,71.900826446281,45.25362033471074,54.54545454545454,statsbomb
Asier Riesgo Unamuno,11,27,3060,349,79,50,61.240310077519375,10.26470588235294,51,17.948276906711488,32.8609190376654,1.5,1066,47.467166979362105,57.333678563320824,86.30393996247655,statsbomb
Claudio Andrés Bravo Muñoz,11,27,2878,303,84,19,81.55339805825243,9.475330090340515,12,22.36423201969889,42.75710467279094,0.37526059763724806,1004,84.4621513944223,31.207393038247012,25.796812749003983,statsbomb
Cristiano Biraghi,11,27,90,1,0,1,0,1,,,,,,,,,statsbomb
Daniel Giménez Hernández,11,27,208,23,5,2,71.42857142857143,9.951923076923077,1,33.60148806228676,33.60148806228676,0.4326923076923077,86,54.65116279069767,51.52766590697674,68.6046511627907,statsbomb
Diego Alves Carreira,11,27,1170,183,46,19,70.76923076923077,14.076923076923077,4,22.457375616561045,38.308223660201214,0.3076923076923077,400,65.25,46.95217985925,65,statsbomb
Diego Mariño Villar,11,27,2070,318,79,37,68.10344827586206,13.82608695652174,25,15.723403427495642,36.24472375394797,1.0869565217391304,829,69.96381182147165,44.24731453884198,55.36791314837153,statsbomb
Francisco Casilla Cortés,11,27,360,49,14,6,70,12.249999999999998,3,21.831191155382687,41.01243713801948,0.75,87,66.66666666666666,39.617486873563216,44.827586206896555,statsbomb
Francisco Guillermo Ochoa Magaña,11,27,954,113,29,10,74.35897435897436,10.660377358490566,7,15.483252513595366,24.323239915767804,0.6603773584905661,294,56.80272108843537,50.18542354081632,68.36734693877551,statsbomb
Germán Darío Lux,11,27,2557,297,75,34,68.80733944954129,10.453656628861948,32,14.016204331129948,30.759226258148953,1.1263199061400078,1024,52.63671875,55.64944704804687,76.85546875,statsbomb
Gerónimo Rulli,11,27,3191,390,105,39,72.91666666666666,10.999686618614854,37,18.323462838781918,39.116364861781314,1.0435600125352553,1250,62.08,48.16997994912,62,statsbomb
Giedrius Arlauskis,11,27,225,36,7,10,41.17647058823529,14.4,2,37.10302658553113,63.606053171062264,0.8,71,42.25352112676056,52.123265661971836,70.4225352112676,statsbomb
Gorka Iraizoz Moreno,11,27,3243,350,91,31,74.59016393442623,9.71322849213691,63,21.509734023325137,44.104534914223954,1.7483811285846438,1359,60.191317144959534,49.683216108462105,69.24208977189109,statsbomb
Iago Herrerín Buisán,11,27,175,27,2,6,25,13.885714285714284,5,16.747810433524034,28.800868042473997,2.571428571428571,81,53.086419753086425,59.30642837037036,85.18518518518519,statsbomb
Idriss Carlos Kameni,11,27,2466,293,75,21,78.125,10.693430656934307,31,16.564810924234298,36.109278585981194,1.1313868613138687,782,65.98465473145781,46.655997995140666,62.40409207161125,statsbomb
Iván Cuéllar Sacristán,11,27,2880,443,115,43,72.78481012658227,13.84375,41,18.516635428723173,43.00348823060753,1.28125,1019,43.179587831207066,56.83962700019627,78.21393523061825,statsbomb
Jan Oblak,11,27,3420,370,85,17,83.33333333333334,9.736842105263158,20,14.976787684967885,28.071337695236398,0.5263157894736842,818,51.71149144254279,52.092250994498784,71.39364303178483,statsbomb
Jaume Doménech Sánchez,11,27,1530,242,63,18,77.77777777777779,14.235294117647058,8,14.491905235610606,25.504901489713696,0.47058823529411764,516,59.10852713178295,47.450185453875974,65.89147286821705,statsbomb
Javier Varas Herrera,11,27,2710,360,99,38,72.26277372262774,11.955719557195572,42,17.391865421217624,50.86944072820145,1.3948339483394834,1221,62.40786240786241,43.46478352244062,57.24815724815725,statsbomb
Jesús Fernández Collado,11,27,90,22,4,2,66.66666666666666,22,2,20.045540263595157,22.426992665089987,2,43,41.86046511627907,58.87533086046512,95.34883720930233,statsbomb
Jonás Manuel Gutiérrez,11,27,8,1,0,0,,11.25,,,,,,,,,statsbomb
Juan Carlos Martín Corral,11,27,1804,256,65,32,67.0103092783505,12.771618625277162,33,18.90873294548547,33.88819853577348,1.646341463414634,759,71.01449275362319,40.46638204453228,41.89723320158103,statsbomb
Keylor Navas Gamboa,11,27,3060,382,91,27,77.11864406779661,11.235294117647058,37,17.037766863962265,31.43405796266209,1.0882352941176472,905,69.28176795580112,41.87493718994475,48.28729281767956,statsbomb
Manuel Fernández Muñíz,11,27,683,84,16,17,48.484848484848484,11.068814055636896,13,17.293813035614008,41.02901412415365,1.7130307467057102,245,46.53061224489796,59.11755868979592,84.08163265306122,statsbomb
Marc-André ter Stegen,11,27,542,62,13,7,65,10.29520295202952,4,21.796183005800955,33.09380606699688,0.6642066420664207,187,88.23529411764706,31.882568505347592,29.946524064171122,statsbomb
Mariano Damián Barbosa,11,27,180,24,6,4,60,12,1,8.06225774829855,8.06225774829855,0.5,43,76.74418604651163,32.188818993023254,34.883720930232556,statsbomb
Mathew Ryan,11,27,720,89,23,8,74.19354838709677,11.125,16,22.04484805247216,54.272829297909276,2,279,64.15770609318996,47.81619310215054,66.66666666666666,statsbomb
Néstor Díaz García,11,27,5,2,0,0,,36,,,,,2,100,46.9516175,50,statsbomb
Oier Olazábal Paredes,11,27,227,27,4,3,57.14285714285714,10.704845814977974,2,18.809409809674747,19.44273643292014,0.7929515418502203,93,54.83870967741935,47.25973265161291,62.365591397849464,statsbomb
Pau López Sabata,11,27,3195,454,102,56,64.55696202531645,12.788732394366198,38,21.018412007026768,53.39260248386475,1.0704225352112675,979,55.260469867211434,50.628932728804905,68.6414708886619,statsbomb
Raúl Lizoáin Cruz,11,27,708,118,36,11,76.59574468085107,15,11,19.696719680577928,30.455541367705155,1.3983050847457628,295,58.644067796610166,43.2653537359322,55.254237288135585,statsbomb
Rubén Blanco Veiga,11,27,687,91,20,12,62.5,11.921397379912666,6,12.595415231225244,17.84656829757475,0.7860262008733624,228,57.45614035087719,46.3264207508772,58.77192982456141,statsbomb
Rubén Iván Martínez Andrade,11,27,1350,181,40,25,61.53846153846154,12.066666666666666,12,12.091163883325407,23.086792761230395,0.8,413,55.205811138014525,50.726134788861984,70.94430992736078,statsbomb
Sergio Asenjo Andrés,11,27,360,58,12,4,75,14.500000000000002,3,20.814151182825643,23.994165957582272,0.75,105,57.14285714285714,51.683832323809526,75.23809523809524,statsbomb
Sergio Rico González,11,27,3060,473,110,39,73.8255033557047,13.911764705882353,23,17.658493606526726,51.24724382832701,0.6764705882352942,1020,66.47058823529412,42.83128852098039,54.31372549019608,statsbomb
Sergio Álvarez Conde,11,27,2726,370,88,42,67.6923076923077,12.215700660308144,32,16.284577185310965,31.225950746134217,1.0564930300807043,1001,58.341658341658345,46.608858314985014,60.739260739260736,statsbomb
Stipe Pletikosa,11,27,180,29,5,6,45.45454545454545,14.500000000000002,2,20.030127406724983,24.2156973882645,1,61,50.81967213114754,51.34730725409836,73.77049180327869,statsbomb
Vicente Guaita Panadero,11,27,3420,467,124,58,68.13186813186813,12.289473684210526,41,17.327646048646017,34.523180618245476,1.0789473684210527,1153,52.818733738074584,51.91276889249783,69.03729401561145,statsbomb
Xabier Iruretagoiena Aranzamendi,11,27,360,38,13,7,65,9.5,5,29.17319621676673,40.559709071934925,1.25,112,47.32142857142857,58.06722422321429,79.46428571428571,statsbomb
Yoel Rodríguez Oterino,11,27,810,126,27,22,55.10204081632652,14,23,25.8744770070414,48.908179275045605,2.555555555555556,354,64.12429378531074,44.542318488418076,52.54237288135594,statsbomb
Aarón Escandell Banacloche,11,90,90,16,3,1,75,16,,,,,28,35.714285714285715,59.37473467857143,82.14285714285714,statsbomb
Aitor Fernández Abarisketa,11,90,180,41,14,4,77.77777777777779,20.5,4,16.75414104386899,29.934762400927788,2,64,81.25,33.013847956250004,37.5,statsbomb
Alejandro Remiro Gargallo,11,90,180,27,6,8,42.857142857142854,13.5,2,15.830909377051062,24.550560075077716,1,68,72.05882352941177,43.73064445588235,57.35294117647059,statsbomb
Claudio Andrés Bravo Muñoz,11,90,90,15,3,4,42.857142857142854,15,3,11.712582683242525,13.375350462698165,3,38,71.05263157894737,38.514913928947365,50,statsbomb
David Soria Solís,11,90,180,15,3,3,50,7.5,2,22.099270226627446,25.10796686312932,1,51,35.294117647058826,60.6213697254902,94.11764705882352,statsbomb
Edgar Badía Guardiola,11,90,90,9,2,3,40,9,2,11.966117280893098,12.4631456703354,2,38,78.94736842105263,35.20192989473684,36.84210526315789,statsbomb
Fernando Pacheco Flores,11,90,180,42,11,6,64.70588235294117,21,1,14.368368035375486,14.368368035375486,0.5,52,76.92307692307693,40.78410418846154,48.07692307692308,statsbomb
Iván Villar Martínez,11,90,180,28,5,3,62.5,14,,,,,66,74.24242424242425,34.17742693333333,34.84848484848485,statsbomb
Jan Oblak,11,90,180,24,10,0,100,12,,,,,50,60,47.578256771999996,68,statsbomb
Jasper Cillessen,11,90,90,13,2,3,40,12.999999999999998,,,,,31,67.74193548387096,45.553064322580646,54.83870967741935,statsbomb
Jaume Doménech Sánchez,11,90,90,23,6,2,75,23,,,,,29,55.172413793103445,54.799279706896556,79.3103448275862,statsbomb
Jeremías Ledesma,11,90,180,40,11,0,100,20,4,12.329128474284257,18.900264548413073,2,59,35.59322033898305,70.7627923559322,98.30508474576271,statsbomb
Joel Robles Blázquez,11,90,90,12,1,2,33.33333333333333,12,,,,,32,68.75,38.91509228125,46.875,statsbomb
Jordi Masip López,11,90,180,46,16,4,80,23,3,14.06259066217423,23.406195760951842,1.5,66,48.484848484848484,52.20187594696969,71.21212121212122,statsbomb
Marc-André ter Stegen,11,90,2610,238,71,26,73.19587628865979,8.206896551724139,10,23.598298180307488,40.83099313021911,0.3448275862068965,968,88.7396694214876,29.86068206198347,23.553719008264462,statsbomb
Norberto Murara Neto,11,90,540,51,15,4,78.94736842105263,8.5,6,15.405252126576825,18.921416437465773,1,191,89.00523560209425,26.650498136649215,18.32460732984293,statsbomb
Rui Tiago Dantas da Silva,11,90,90,14,0,4,0,14,3,24.771200565989286,31.342782263226088,3,24,54.166666666666664,52.026825541666675,70.83333333333334,statsbomb
Sergio Asenjo Andrés,11,90,180,31,9,4,69.23076923076923,15.5,,,,,66,78.78787878787878,33.246014045454544,39.39393939393939,statsbomb
Sergio Herrera Pirón,11,90,180,33,10,6,62.5,16.5,2,27.50837346435079,30.410853325745396,1,66,72.72727272727273,48.7603192030303,63.63636363636363,statsbomb
Thibaut Courtois,11,90,180,28,6,2,75,14,3,19.9690951099347,28.81128251223815,1.5,58,74.13793103448276,38.0139936637931,36.206896551724135,statsbomb
Unai Simón Mendibil,11,90,180,25,10,5,66.66666666666666,12.5,2,7.773452693181446,9.464142856064674,1,52,82.6923076923077,36.521231038461536,30.76923076923077,statsbomb
Yassine Bounou,11,90,180,20,7,3,70,10,,,,,77,81.81818181818183,33.291152249350645,31.16883116883117,statsbomb
Álvaro Fernández Llorente,11,90,180,32,6,5,54.54545454545454,16,1,13.395894893585872,13.395894893585872,0.5,57,75.43859649122807,33.873681014035085,28.07017543859649,statsbomb
Albano Benjamín Bizzarri,12,27,3150,543,121,39,75.625,15.514285714285714,27,15.435204679474962,38.53686546671901,0.7714285714285715,1099,54.14012738853503,48.96267574558689,68.69881710646042,statsbomb
Alberto Brignoli,12,27,90,23,7,4,63.63636363636363,23,,,,,44,43.18181818181818,51.14438694318182,68.18181818181817,statsbomb
Alberto Pelagotti,12,27,540,106,26,4,86.66666666666667,17.666666666666668,8,12.703657157286878,18.963649437806005,1.3333333333333335,181,71.8232044198895,36.84600562651934,41.988950276243095,statsbomb
Andrea Consigli,12,27,3268,444,102,35,74.45255474452554,12.227662178702571,38,18.169155116386293,42.651729156037746,1.0465116279069768,1316,70.51671732522796,39.846487767401214,49.848024316109424,statsbomb
Andrea Seculin,12,27,270,52,13,2,86.66666666666667,17.333333333333332,4,9.10505760087499,13.155227098001767,1.3333333333333335,116,49.137931034482754,52.94754709655172,72.41379310344827,statsbomb
Angelo Esmael da Costa Júnior,12,27,450,56,13,3,81.25,11.2,6,18.439855421645696,27.540878707840825,1.2000000000000002,149,63.758389261744966,44.64317412751678,55.033557046979865,statsbomb
Anton Ciprian Tătărușanu,12,27,3310,330,68,39,63.55140186915887,8.972809667673717,41,19.502950224920053,36.694686263817545,1.1148036253776434,1128,75.97517730496453,35.19322765851064,34.9290780141844,statsbomb
Antonio Mirante,12,27,2970,418,98,34,74.24242424242425,12.666666666666668,46,16.793286223763587,30.675723300355934,1.393939393939394,1111,60.12601260126013,46.538857297569756,64.35643564356435,statsbomb
Boris Radunović,12,27,90,11,1,1,50,11,,,,,32,62.5,41.603407578125,53.125,statsbomb
Christian Abbiati,12,27,72,14,5,0,100,17.5,1,16.45387492355524,16.45387492355524,1.25,26,50,39.61629948461538,46.15384615384615,statsbomb
Daniele Padelli,12,27,3150,400,89,41,68.46153846153847,11.428571428571427,28,15.019432546189233,38.51298482330343,0.8,1073,72.87977632805219,37.87583645657036,41.565703634669156,statsbomb
Davide Bassi,12,27,90,13,3,2,60,12.999999999999998,4,10.319633180279634,13.261975720080322,4,37,48.64864864864865,46.21920302702703,62.16216216216216,statsbomb
Diego López Rodríguez,12,27,720,99,16,12,57.14285714285714,12.375000000000002,4,22.137758763353297,30.128060010561583,0.5,245,77.14285714285715,39.759683144081635,48.97959183673469,statsbomb
Emiliano Viviano,12,27,3330,573,136,49,73.51351351351352,15.486486486486486,35,14.446302668666274,31.506348566598444,0.945945945945946,1331,59.429000751314796,49.72234524019534,64.83846731780616,statsbomb
Etrit Berisha,12,27,873,95,28,12,70,9.793814432989691,10,16.525880962351714,23.103679360655956,1.0309278350515463,236,71.61016949152543,39.88129248601695,49.57627118644068,statsbomb
Eugenio Lamanna,12,27,1170,174,39,16,70.9090909090909,13.384615384615385,17,13.071340064513075,27.63548443577568,1.3076923076923077,355,65.07042253521126,42.19533992647887,52.112676056338024,statsbomb
Fabrizio Alastra,12,27,143,38,4,6,40,23.916083916083917,2,16.914417726085958,18.9274932307477,1.2587412587412588,48,81.25,36.71597617916667,50,statsbomb
Federico Marchetti,12,27,2547,329,76,34,69.0909090909091,11.625441696113073,27,20.288090898267054,41.458051087816465,0.9540636042402828,819,70.57387057387058,40.68044937411478,49.2063492063492,statsbomb
Ferdinando Coppola,12,27,90,10,2,0,100,10,,,,,42,50,47.52601839285714,69.04761904761905,statsbomb
Francesco Bardi,12,27,119,28,9,2,81.81818181818183,21.176470588235293,1,6.499999999999999,6.499999999999999,0.7563025210084033,41,31.70731707317073,63.63554248780488,92.6829268292683,statsbomb
Francesco Benussi,12,27,298,37,8,3,72.72727272727273,11.174496644295303,2,22.98147080847519,35.302266216207705,0.6040268456375839,103,47.57281553398058,55.9825123592233,79.6116504854369,statsbomb
Gabriel Vasconelos Ferreira,12,27,90,9,3,2,60,9,,,,,22,90.9090909090909,29.172750077272728,27.27272727272727,statsbomb
Gianluca Pegolo,12,27,150,33,4,1,80,19.8,2,20.57474289563558,29.920060160367324,1.2000000000000002,62,62.903225806451616,46.56959137096774,64.51612903225806,statsbomb
Gianluigi Buffon,12,27,3150,317,75,14,84.26966292134831,9.057142857142857,25,19.675320996467068,57.44701906974808,0.7142857142857142,888,81.19369369369369,33.70471184076577,33.78378378378378,statsbomb
Gianluigi Donnarumma,12,27,2628,343,83,26,76.14678899082568,11.746575342465754,39,16.857507819301848,38.69431482789171,1.3356164383561644,908,69.60352422907489,39.09023674834801,45.04405286343612,statsbomb
Ionuț Andrei Radu,12,27,19,,,,,,,,,,6,50,48.36622533333334,50,statsbomb
Josip Posavec,12,27,90,17,5,0,100,17,,,,,39,56.41025641025641,48.45710637435897,71.7948717948718,statsbomb
José Manuel Reina Páez,12,27,3330,333,54,26,67.5,9,42,21.017377299602778,40.164785571443055,1.135135135135135,1103,81.5049864007253,34.895070973254754,32.638259292837716,statsbomb
Juan Pablo Carrizo,12,27,161,18,3,4,42.857142857142854,10.062111801242237,2,22.915429152944377,26.25280937347468,1.1180124223602483,45,68.88888888888889,39.75681562222222,48.888888888888886,statsbomb
Luca Lezzerini,12,27,110,20,4,2,66.66666666666666,16.363636363636363,5,21.26697595344924,26.566332076521213,4.090909090909091,50,64,39.19408584,48,statsbomb
Marco Sportiello,12,27,3240,444,106,38,73.61111111111111,12.333333333333334,29,17.48285471493715,30.64718584144391,0.8055555555555556,1084,56.82656826568265,49.37783063154982,69.0959409594096,statsbomb
Massimo Zenildo Zappino,12,27,331,101,19,12,61.29032258064516,27.46223564954683,5,18.030790319362985,25.100199202396777,1.3595166163141994,117,60.68376068376068,53.71503886324786,78.63247863247864,statsbomb
Mattia Perin,12,27,2250,339,84,28,75,13.56,31,15.014026989917229,30.389800920703642,1.24,776,57.86082474226804,47.443679007603095,63.65979381443299,statsbomb
Maurizio Pugliesi,12,27,90,20,4,1,80,20,2,6.572354742467661,7.100704190430692,2,28,60.71428571428571,45.14739278571428,53.57142857142857,statsbomb
Morgan De Sanctis,12,27,360,30,10,5,66.66666666666666,7.5,4,22.402657302211953,39.21543063642169,1,79,74.68354430379746,35.27389139367089,40.50632911392405,statsbomb
Nicola Leali,12,27,2970,640,122,54,69.31818181818183,19.393939393939394,31,16.559508049291505,33.457136757349694,0.9393939393939394,981,54.638124362895,52.438811811885834,74.10805300713558,statsbomb
Norberto Murara Neto,12,27,270,28,3,2,60,9.333333333333334,1,16.256075787224912,16.256075787224912,0.33333333333333337,49,95.91836734693877,29.61321197959184,20.408163265306122,statsbomb
Orestis Karnezis,12,27,3420,527,110,52,67.90123456790124,13.868421052631579,26,12.92240582899622,20.560155641434232,0.6842105263157895,1095,54.24657534246575,51.44618249333333,71.5068493150685,statsbomb
Pierluigi Gollini,12,27,2320,339,71,38,65.13761467889908,13.150862068965518,35,16.155396882876403,35.73583635512117,1.3577586206896552,843,55.39739027283511,52.27085481245552,69.86951364175563,statsbomb
Rafael de Andrade Bittencourt Pinheiro,12,27,1008,169,44,17,72.1311475409836,15.089285714285714,9,12.784489627688583,20.113676938839404,0.8035714285714285,313,60.383386581469644,48.0210595456869,69.32907348242811,statsbomb
Salvador Ichazo Fernández,12,27,270,44,6,4,60,14.666666666666668,5,10.339345460178112,13.313526955694348,1.6666666666666665,98,60.204081632653065,40.027632030612246,48.97959183673469,statsbomb
Samir Handanovič,12,27,3240,451,112,28,80,12.527777777777779,41,16.403832482340118,40.99390198553927,1.1388888888888888,984,75,38.31722770447155,45.83333333333333,statsbomb
Simone Colombi,12,27,180,28,7,1,87.5,14,1,33.1074009852782,33.1074009852782,0.5,46,47.82608695652174,49.672150380434786,67.3913043478261,statsbomb
Stefano Sorrentino,12,27,3097,541,126,49,72,15.721666128511462,37,11.454264750081933,18.29808733174044,1.075234097513723,1068,56.46067415730337,48.087496837827715,71.62921348314607,statsbomb
Vid Belec,12,27,2700,400,89,38,70.07874015748031,13.333333333333332,24,13.238926609432651,28.740389698123444,0.8,853,42.20398593200469,52.90364086670574,76.78780773739742,statsbomb
Wojciech Szczęsny,12,27,3060,399,102,27,79.06976744186046,11.73529411764706,45,18.291061660440178,54.262325788709056,1.3235294117647058,1242,71.81964573268921,38.92245104259259,45.33011272141707,statsbomb
Łukasz Skorupski,12,27,2790,410,86,41,67.71653543307087,13.225806451612904,46,19.52346471881391,38.39856768162063,1.4838709677419355,886,73.47629796839729,36.47781118724605,37.24604966139955,statsbomb
Željko Brkić,12,27,332,53,13,10,56.52173913043478,14.36746987951807,4,20.55247789457721,31.227071588607217,1.0843373493975905,87,51.724137931034484,46.94629321839081,64.36781609195403,statsbomb
Alisson Ramsés Becker,16,4,90,16,8,0,100,16,,,,,36,69.44444444444444,45.832278986111106,47.22222222222222,statsbomb
Hugo Lloris,16,4,90,13,1,1,50,12.999999999999998,,,,,60,80,33.18088169166666,33.33333333333333,statsbomb
Abdullah Ibrahim Al Maiouf,43,3,90,14,2,5,28.57142857142857,14,2,7.566662780082012,8.06225774829855,2,35,42.857142857142854,56.371527314285714,77.14285714285715,statsbomb
Alireza Safar Beiranvand,43,3,270,46,7,2,77.77777777777779,15.333333333333332,,,,,61,40.98360655737705,58.996190590163934,77.04918032786885,statsbomb
Alisson Ramsés Becker,43,3,450,44,5,2,71.42857142857143,8.8,2,33.0265105815308,33.52610922848042,0.4,67,82.08955223880598,35.71521815970149,34.32835820895522,statsbomb
Aymen Mathlouthi,43,3,90,9,4,0,100,9,,,,,29,75.86206896551724,36.415629482758625,34.48275862068966,statsbomb
Danijel Subašić,43,3,630,69,14,6,70,9.857142857142858,2,12.054097804167275,16.492422502470642,0.2857142857142857,170,68.82352941176471,41.89983126764706,46.470588235294116,statsbomb
David Ospina Ramírez,43,3,390,47,10,1,90.9090909090909,10.846153846153847,,,,,97,56.70103092783505,47.03660887628866,60.824742268041234,statsbomb
David de Gea Quintana,43,3,390,30,1,4,20,6.923076923076923,,,,,67,77.61194029850746,37.223101104477614,32.83582089552239,statsbomb
Eiji Kawashima,43,3,360,64,12,7,63.1578947368421,16,1,14.035668847618199,14.035668847618199,0.25,89,64.04494382022472,49.39041323595505,64.04494382022472,statsbomb
Essam Kamal Tawfik El Hadary,43,3,90,19,4,1,80,19,,,,,19,73.68421052631578,41.690491484210526,52.63157894736842,statsbomb
Farouk Ben Mustapha,43,3,166,35,9,5,64.28571428571429,18.97590361445783,3,19.86393718332268,23.323807579381203,1.6265060240963856,47,46.808510638297875,46.05146186170213,57.446808510638306,statsbomb
Francis Odinaka Uzoho,43,3,270,28,5,2,71.42857142857143,9.333333333333334,,,,,57,49.122807017543856,52.18742919298246,75.43859649122807,statsbomb
Francisco Guillermo Ochoa Magaña,43,3,360,76,25,4,86.20689655172413,19,,,,,89,66.29213483146067,45.801749073033704,59.55056179775281,statsbomb
Franco Armani,43,3,180,16,2,3,40,8,2,25.549467817672554,26.40075756488817,1,41,63.41463414634146,40.0346628902439,48.78048780487805,statsbomb
Hannes Þór Halldórsson,43,3,270,57,7,5,58.333333333333336,19,1,13.601470508735444,13.601470508735444,0.33333333333333337,68,50,56.32068898529411,83.82352941176471,statsbomb
Hugo Lloris,43,3,540,62,11,5,68.75,10.333333333333334,2,18.579716806960406,20.8806130178211,0.33333333333333337,138,61.59420289855072,51.99550561594203,68.11594202898551,statsbomb
Hyeon-Woo Jo,43,3,270,57,12,1,92.3076923076923,19,1,32.31098884280702,32.31098884280702,0.33333333333333337,63,55.55555555555556,51.734241222222224,69.84126984126983,statsbomb
Igor Akinfeev,43,3,510,78,16,4,80,13.764705882352942,,,,,114,42.10526315789473,65.25004881140352,87.71929824561403,statsbomb
Jaime Manuel Penedo Cano,43,3,270,39,8,9,47.05882352941176,12.999999999999998,1,24.839484696748443,24.839484696748443,0.33333333333333337,57,42.10526315789473,57.88704794736842,87.71929824561403,statsbomb
Jordan Pickford,43,3,690,83,16,7,69.56521739130434,10.82608695652174,1,24.698178070456937,24.698178070456937,0.13043478260869565,226,69.02654867256636,45.45246348495576,54.86725663716814,statsbomb
Kasper Schmeichel,43,3,390,60,18,1,94.73684210526315,13.846153846153847,,,,,122,54.91803278688525,58.72093083360656,76.22950819672131,statsbomb
Keylor Navas Gamboa,43,3,270,48,9,5,64.28571428571429,16,,,,,72,63.888888888888886,51.60435502083333,66.66666666666666,statsbomb
Khadim N'Diaye,43,3,270,21,4,4,50,7,1,22.80350850198276,22.80350850198276,0.33333333333333337,71,39.436619718309856,63.7191627887324,83.09859154929578,statsbomb
Lovre Kalinić,43,3,90,16,5,0,100,16,,,,,16,31.25,51.94042125,68.75,statsbomb
Manuel Neuer,43,3,270,31,11,4,73.33333333333333,10.333333333333334,1,21.02379604162864,21.02379604162864,0.33333333333333337,79,86.07594936708861,29.131551094936707,18.9873417721519,statsbomb
Mathew Ryan,43,3,270,25,8,3,72.72727272727273,8.333333333333332,,,,,111,85.58558558558559,31.478793990990994,28.82882882882883,statsbomb
Mohamed El Sayed Mohamed El Shenawy Gomaa,43,3,180,28,5,3,62.5,14,,,,,35,40,59.693515028571426,80,statsbomb
Mohammed Khalil Al Owais,43,3,90,14,2,1,66.66666666666666,14,,,,,25,60,47.6314374,64,statsbomb
Mouez Hassen,43,3,14,5,2,1,66.66666666666666,32.142857142857146,,,,,5,60,43.296820600000004,40,statsbomb
Munir Mohand Mohamedi,43,3,270,38,4,3,57.14285714285714,12.666666666666668,,,,,57,54.385964912280706,47.38432029298246,64.91228070175438,statsbomb
Néstor Fernando Muslera Micol,43,3,450,51,9,3,75,10.2,1,6.4031242374328485,6.4031242374328485,0.2,106,66.98113207547169,43.79527916415095,50.943396226415096,statsbomb
Pedro David Gallese Quiróz,43,3,270,39,7,2,77.77777777777779,12.999999999999998,1,13.892443989449804,13.892443989449804,0.33333333333333337,68,54.41176470588235,49.83838454411765,64.70588235294117,statsbomb
Robin Olsen,43,3,450,73,9,4,69.23076923076923,14.6,1,12,12,0.2,106,50.943396226415096,57.512555617924534,73.58490566037736,statsbomb
Rui Pedro dos Santos Patrício,43,3,360,44,8,5,61.53846153846154,11,2,22.45321109686625,31.304951684997057,0.5,77,64.93506493506493,43.94454952857143,59.74025974025974,statsbomb
Steve Mandanda,43,3,90,5,1,0,100,5,1,13,13,1,25,80,38.1813888,40,statsbomb
Thibaut Courtois,43,3,630,107,25,6,80.64516129032258,15.285714285714286,,,,,192,72.39583333333334,39.83697483802083,40.625,statsbomb
Vladimir Stojković,43,3,270,44,11,4,73.33333333333333,14.666666666666668,1,15.231546211727817,15.231546211727817,0.33333333333333337,73,64.38356164383562,53.40465356164383,67.12328767123287,statsbomb
Wilfredo Daniel Caballero,43,3,180,23,3,4,42.857142857142854,11.5,,,,,51,60.78431372549019,36.18656048039215,43.13725490196079,statsbomb
Wojciech Szczęsny,43,3,180,20,0,4,0,10,1,8.54400374531753,8.54400374531753,0.5,42,76.19047619047619,40.03514496904762,38.095238095238095,statsbomb
Yann Sommer,43,3,360,59,12,4,75,14.75,1,35.608987629529715,35.608987629529715,0.25,122,72.95081967213115,37.00178622459016,39.34426229508197,statsbomb
Yasser Abdullah Al Mosailem,43,3,90,8,0,1,0,8,1,17.26267650163207,17.26267650163207,1,13,92.3076923076923,46.783374153846154,61.53846153846154,statsbomb
Łukasz Fabiański,43,3,90,11,3,0,100,11,1,22.02271554554524,22.02271554554524,1,25,72,40.26776828,36,statsbomb
Alireza Safar Beiranvand,43,106,109,13,4,1,80,10.733944954128441,,,,,31,67.74193548387096,45.11970032258065,51.61290322580645,statsbomb
Alisson Ramsés Becker,43,106,379,27,5,2,71.42857142857143,6.41160949868074,1,31.701892687976848,31.701892687976848,0.23746701846965698,94,85.1063829787234,24.374002393617022,15.957446808510639,statsbomb
Andries Noppert,43,106,480,67,18,3,85.71428571428571,12.5625,6,17.72579486767026,24.115140472325677,1.125,191,82.19895287958116,32.56786439947644,31.413612565445025,statsbomb
André Onana,43,106,90,7,2,1,66.66666666666666,7,2,15.751974121405997,15.939887076137019,2,60,73.33333333333333,35.26950136333333,35,statsbomb
Aymen Dahmen,43,106,270,30,9,1,90,10,2,13.377782491534909,16.160754932861273,0.6666666666666667,77,62.33766233766234,45.419736968831174,62.33766233766234,statsbomb
Damián Emiliano Martínez,43,106,690,44,6,5,54.54545454545454,5.739130434782608,4,13.520523784363444,16.227445886522005,0.5217391304347826,186,66.12903225806451,41.90548340268817,44.086021505376344,statsbomb
Daniel Ward,43,106,94,25,4,5,44.44444444444444,23.93617021276596,,,,,39,61.53846153846154,49.70709751282051,69.23076923076923,statsbomb
Devis Rogers Epassy Mboka,43,106,180,36,10,3,76.92307692307693,18,1,12.727922061357855,12.727922061357855,0.5,84,66.66666666666666,48.377483375,63.095238095238095,statsbomb
Diogo Meireles Costa,43,106,450,51,12,6,66.66666666666666,10.2,4,21.538505085761553,33.02181097396083,0.8,159,69.81132075471697,37.3334766591195,37.735849056603776,statsbomb
Dominik Livaković,43,106,690,83,24,6,80,10.82608695652174,2,10.16929489056564,16.49151296879701,0.2608695652173913,228,82.89473684210526,31.752881669298244,31.57894736842105,statsbomb
Ederson Santana de Moraes,43,106,90,7,2,1,66.66666666666666,7,,,,,30,93.33333333333333,28.38044023333333,16.666666666666664,statsbomb
Edouard Mendy,43,106,360,37,7,7,50,9.25,6,19.642405965788708,28.087185690275202,1.5,117,76.92307692307693,37.53104348119658,43.58974358974359,statsbomb
Francisco Guillermo Ochoa Magaña,43,106,270,20,2,3,40,6.666666666666666,1,27.91146717748818,27.91146717748818,0.33333333333333337,108,83.33333333333334,32.70010581481482,27.77777777777778,statsbomb
Gregor Kobel,43,106,90,12,2,2,50,12,,,,,29,65.51724137931035,37.3319243,34.48275862068966,statsbomb
Hernán Ismael Galíndez,43,106,270,19,1,2,33.33333333333333,6.333333333333334,2,14.2297989993777,14.558159224297555,0.6666666666666667,77,57.14285714285714,47.5536646948052,58.44155844155844,statsbomb
Hugo Lloris,43,106,570,72,17,4,80.95238095238095,11.368421052631579,4,16.126502444473054,24.610770000144246,0.631578947368421,182,60.98901098901099,47.17789989835165,59.34065934065934,statsbomb
Jordan Pickford,43,106,450,42,7,3,70,8.4,1,24.478766308782802,24.478766308782802,0.2,161,78.26086956521739,36.23943760496895,36.024844720496894,statsbomb
Kasper Schmeichel,43,106,270,42,8,3,72.72727272727273,14,3,15.84588008916316,26.708051220558943,1,87,82.75862068965517,33.17128985057471,27.586206896551722,statsbomb
Keylor Navas Gamboa,43,106,270,60,11,10,52.38095238095239,20,6,13.33904407814341,23.577107541002565,2,101,54.45544554455446,50.1315540940594,59.4059405940594,statsbomb
Lawrence Ati-Zigi,43,106,270,43,10,6,62.5,14.333333333333334,2,19.62307519344489,23.121634890292686,0.6666666666666667,76,67.10526315789474,41.234675697368424,47.368421052631575,statsbomb
Manuel Neuer,43,106,270,26,8,4,66.66666666666666,8.666666666666666,4,25.151353914092212,43.13560014651471,1.3333333333333335,123,90.2439024390244,29.284637852032517,20.32520325203252,statsbomb
Mathew Ryan,43,106,360,65,13,6,68.42105263157895,16.25,6,19.12829767252563,36.49726017114161,1.5,163,68.71165644171779,44.15509434969325,57.668711656441715,statsbomb
Matthew Charles Turner,43,106,360,29,9,3,75,7.250000000000001,5,18.020652792800803,36.35629244023653,1.25,126,77.77777777777779,35.41340824126984,33.33333333333333,statsbomb
Meshaal Aissa Barsham,43,106,180,25,3,5,37.5,12.5,1,19.376790239872033,19.376790239872033,0.5,63,69.84126984126983,30.671734157142858,39.682539682539684,statsbomb
Milan Borjan,43,106,270,29,8,7,53.333333333333336,9.666666666666666,4,14.413705040886724,18.196977771047585,1.3333333333333335,96,78.125,34.818627234375,33.33333333333333,statsbomb
Mohammed Khalil Al Owais,43,106,270,49,14,4,77.77777777777779,16.333333333333336,7,25.154495528118634,37.84190798572398,2.3333333333333335,98,54.08163265306123,49.90491497959184,65.3061224489796,statsbomb
Munir Mohand Mohamedi,43,106,90,10,4,0,100,10,1,23.276812496559746,23.276812496559746,1,27,66.66666666666666,44.270304777777774,48.148148148148145,statsbomb
Saad Abdullah Al Sheeb,43,106,90,5,1,1,50,5,2,11.331190651109848,12.455520864259352,2,21,80.95238095238095,29.749797752380953,28.57142857142857,statsbomb
Sergio Rochet Álvarez,43,106,270,29,4,1,80,9.666666666666666,2,15.912578208521744,18.071247881648905,0.6666666666666667,76,69.73684210526315,37.59455702236842,43.42105263157895,statsbomb
Seung-Gyu Kim,43,106,360,47,12,7,63.1578947368421,11.75,3,12.01866014059945,15.380832227158582,0.75,128,73.4375,37.1828349484375,34.375,statsbomb
Seyed Hossein Hosseini,43,106,161,21,4,6,40,11.739130434782608,1,17.670880000724356,17.670880000724356,0.5590062111801242,48,45.83333333333333,49.82563814583333,70.83333333333334,statsbomb
Shūichi Gonda,43,106,390,59,15,3,83.33333333333334,13.615384615384615,1,18.852055590836773,18.852055590836773,0.23076923076923078,113,61.06194690265486,42.88040189911504,50.442477876106196,statsbomb
Steve Mandanda,43,106,90,5,2,1,66.66666666666666,5,1,13.146862743635838,13.146862743635838,1,31,58.06451612903226,35.47181916129032,41.935483870967744,statsbomb
Thibaut Courtois,43,106,270,42,8,2,80,14,1,27.93027031734566,27.93027031734566,0.33333333333333337,122,89.34426229508196,30.340318347540983,22.950819672131146,statsbomb
Unai Simón Mendibil,43,106,390,22,6,3,66.66666666666666,5.076923076923077,3,30.92336261324756,42.624406154221084,0.6923076923076923,158,93.67088607594937,23.358781915822785,8.227848101265822,statsbomb
Vanja Milinković Savić,43,106,270,50,16,8,66.66666666666666,16.666666666666664,3,21.271707395959076,24.69655846469301,1,127,72.44094488188976,40.654676066929134,40.15748031496063,statsbomb
Wayne Hennessey,43,106,173,20,4,1,80,10.404624277456648,1,17.314156057977527,17.314156057977527,0.5202312138728323,66,78.78787878787878,38.12199430606061,42.42424242424242,statsbomb
Weverton Pereira da Silva,43,106,11,1,0,0,,8.181818181818182,,,,,5,80,63.759709599999994,100,statsbomb
Wojciech Szczęsny,43,106,360,66,23,5,82.14285714285714,16.5,3,14.043750686380088,20.026232796010337,0.75,146,60.273972602739725,49.51839129178082,67.8082191780822,statsbomb
Yann Sommer,43,106,270,36,12,7,63.1578947368421,12,2,13.159413846595736,18.160396471443015,0.6666666666666667,117,91.45299145299145,24.686208376068375,17.94871794871795,statsbomb
Yassine Bounou,43,106,570,61,7,4,63.63636363636363,9.631578947368421,4,16.718527919831057,22.493110056192762,0.631578947368421,210,74.28571428571429,39.33815344142857,42.857142857142854,statsbomb
Carlos Joaquim Dos Santos,44,107,90,11,3,1,75,11,3,35.05275065970331,37.850231174987556,3,57,71.9298245614035,34.2007097122807,33.33333333333333,statsbomb
Carlos Miguel Coronel,44,107,90,6,1,2,33.33333333333333,6,2,21.43512815740802,28.17161692200148,2,22,77.27272727272727,48.332464677272725,54.54545454545454,statsbomb
Drake Callender,44,107,450,65,18,2,90,12.999999999999998,8,20.938212125187523,31.01306176435987,1.6,165,80,30.075278104848483,27.878787878787882,statsbomb
Elliot Panicco,44,107,90,13,4,0,100,12.999999999999998,2,14.916560198534706,15.868522300453813,2,29,72.41379310344827,43.06697925862069,55.172413793103445,statsbomb
John McCarthy,44,107,90,9,3,3,50,9,1,15.090394295710103,15.090394295710103,1,18,94.44444444444444,33.82842238888889,27.77777777777778,statsbomb
Kristijan Kahlina,44,107,90,11,3,0,100,11,4,22.308455965400935,31.56342820417326,4,39,64.1025641025641,45.39053961538462,53.84615384615385,statsbomb
Roman Celentano,44,107,90,18,2,0,100,18,1,18.3412104289766,18.3412104289766,1,29,65.51724137931035,40.354279124137925,51.724137931034484,statsbomb
Tomas Lían Romero Keubler,44,107,90,13,1,4,20,12.999999999999998,2,11.274619240254632,18.110770276274835,2,34,85.29411764705883,24.685149961764704,23.52941176470588,statsbomb
Altay Bayındır,55,282,90,12,1,2,33.33333333333333,12,,,,,35,80,33.32473557714286,22.857142857142858,statsbomb
Anatolii Trubin,55,282,180,26,8,1,88.88888888888889,12.999999999999998,1,21.617816726024856,21.617816726024856,0.5,71,77.46478873239437,32.88017447183098,30.985915492957744,statsbomb
Andriy Lunin,55,282,90,10,2,3,40,10,1,7.942921376924236,7.942921376924236,1,24,95.83333333333334,18.947962416666666,4.166666666666666,statsbomb
Angus Gunn,55,282,270,44,13,6,68.42105263157895,14.666666666666668,11,22.19016900958055,31.856239577200572,3.666666666666667,115,60,47.814707913043485,64.34782608695652,statsbomb
Bart Verbruggen,55,282,540,64,19,5,79.16666666666666,10.666666666666668,5,16.178410908365063,18.891532494744833,0.8333333333333333,210,84.76190476190476,32.682962906190475,30.952380952380953,statsbomb
David Raya Martin,55,282,90,10,4,0,100,10,,,,,41,85.36585365853658,31.262271658536587,26.82926829268293,statsbomb
Diogo Meireles Costa,55,282,510,51,11,2,84.61538461538461,9,6,17.310965823968104,26.881220210399672,1.0588235294117647,154,90.25974025974025,28.870695324675328,19.480519480519483,statsbomb
Dominik Livaković,55,282,270,37,9,6,60,12.333333333333334,9,17.117879974218422,29.713969778540196,3,89,74.15730337078652,35.32220034044944,38.20224719101123,statsbomb
Fehmi Mert Günok,55,282,360,58,15,4,78.94736842105263,14.500000000000002,6,12.849394876321236,20.03247363657319,1.5,128,64.84375,46.45623901875,51.5625,statsbomb
Florin Constantin Niţă,55,282,360,70,15,6,71.42857142857143,17.5,5,14.649551470840933,19.81716427746412,1.25,149,56.375838926174495,47.79072774161074,61.74496644295302,statsbomb
Gianluigi Donnarumma,55,282,360,48,13,4,76.47058823529412,12,7,15.816671548390428,21.0261741645978,1.75,101,84.15841584158416,28.290476978217825,25.742574257425744,statsbomb
Giorgi Mamardashvili,55,282,360,106,28,8,77.77777777777779,26.5,1,28.35207223467096,28.35207223467096,0.25,123,54.47154471544715,48.5580789902439,61.78861788617886,statsbomb
Jan Oblak,55,282,390,62,14,2,87.5,14.307692307692307,3,13.675645509487532,16.94018890095385,0.6923076923076923,129,61.240310077519375,48.0933204248062,64.34108527131784,statsbomb
Jindřich Staněk,55,282,234,37,9,2,81.81818181818183,14.23076923076923,1,16.323296235748465,16.323296235748465,0.38461538461538464,74,63.51351351351351,45.18312541216216,59.45945945945946,statsbomb
Jordan Pickford,55,282,690,73,18,6,75,9.521739130434781,4,16.303584324432347,24.684408034222738,0.5217391304347826,306,73.52941176470588,39.437621889542484,42.48366013071895,statsbomb
Kasper Schmeichel,55,282,360,42,12,3,80,10.5,2,15.536033560647855,21.87532856896097,0.5,113,80.53097345132744,36.84233481946903,34.51327433628318,statsbomb
Koen Casteels,55,282,360,57,14,1,93.33333333333333,14.25,5,16.93067754187378,26.237568484903473,1.25,144,81.94444444444444,31.514026572916666,26.38888888888889,statsbomb
Manuel Neuer,55,282,480,45,10,3,76.92307692307693,8.4375,7,18.879784334859647,59.11556478627266,1.3125,143,86.01398601398601,29.09675177132867,25.874125874125873,statsbomb
Martin Dúbravka,55,282,390,53,12,4,75,12.23076923076923,10,15.448021187850568,17.71016657177453,2.3076923076923075,164,65.85365853658537,38.18284938109756,42.073170731707314,statsbomb
Matěj Kovář,55,282,36,4,1,1,50,10,2,16.330793787907574,17.679932126566552,5,18,44.44444444444444,54.67218744444445,83.33333333333334,statsbomb
Mike Maignan,55,282,570,50,15,2,88.23529411764706,7.894736842105263,10,19.049524479689175,39.473788771791334,1.5789473684210527,165,81.21212121212122,31.950841481818184,29.09090909090909,statsbomb
Patrick Pentz,55,282,360,46,6,5,54.54545454545454,11.5,7,22.560182504023544,28.19397098671984,1.75,145,82.06896551724138,32.825358096551724,31.724137931034484,statsbomb
Predrag Rajković,55,282,270,27,8,2,80,9,2,19.730351155569938,22.52198925494815,0.6666666666666667,104,69.23076923076923,39.887859073076925,48.07692307692308,statsbomb
Péter Gulácsi,55,282,270,38,9,5,64.28571428571429,12.666666666666668,6,19.437645903398693,47.65175757514092,2,95,77.89473684210526,35.731753652631575,34.73684210526316,statsbomb
Thomas Strakosha,55,282,270,54,12,4,75,18,3,13.262903688180392,17.02380685980665,1,89,67.41573033707866,44.77888766292135,58.42696629213483,statsbomb
Unai Simón Mendibil,55,282,570,64,13,3,81.25,10.105263157894736,9,20.029759026907875,30.880414504990053,1.4210526315789473,246,76.42276422764228,35.601223803658534,37.39837398373984,statsbomb
Wojciech Szczęsny,55,282,180,35,8,4,66.66666666666666,17.5,2,18.482667539672704,22.264994947226015,1,65,63.07692307692307,39.47150604615384,52.307692307692314,statsbomb
Yann Sommer,55,282,480,60,8,4,66.66666666666666,11.25,4,14.013664514908001,17.857211428439776,0.75,168,82.73809523809523,30.722827475,26.190476190476193,statsbomb
Łukasz Skorupski,55,282,90,18,7,0,100,18,1,30.143821920917727,30.143821920917727,1,29,79.3103448275862,34.41528343103448,37.93103448275862,statsbomb
Adilson Cipriano da Cruz,1267,107,286,51,9,3,75,16.04895104895105,2,22.606925414083307,23.943683927081896,0.6293706293706294,111,61.261261261261254,44.000018972972974,56.75675675675676,statsbomb
Aishi Manula,1267,107,270,35,10,4,71.42857142857143,11.666666666666666,2,18.046747057417257,18.1463494951464,0.6666666666666667,103,76.69902912621359,31.67421975436893,27.184466019417474,statsbomb
André Onana,1267,107,90,5,0,3,0,5,1,28.50473644852729,28.50473644852729,1,35,74.28571428571429,37.56304262857143,37.142857142857146,statsbomb
Anthony Louis Mandréa,1267,107,270,29,7,2,77.77777777777779,9.666666666666666,4,20.375042939944215,38.714596730432305,1.3333333333333335,77,83.11688311688312,30.05098632207792,27.27272727272727,statsbomb
Babacar Niasse,1267,107,360,63,15,3,83.33333333333334,15.749999999999998,6,21.22119118048307,28.17445651649735,1.5,110,45.45454545454545,57.543011400000005,80,statsbomb
Baboucarr Gaye,1267,107,270,43,8,6,57.14285714285714,14.333333333333334,1,10.259142264341596,10.259142264341596,0.33333333333333337,75,53.333333333333336,54.848097628,69.33333333333334,statsbomb
Bechir Ben Said,1267,107,270,36,5,2,71.42857142857143,12,4,18.241062042109466,37.478660595063964,1.3333333333333335,82,80.48780487804879,35.872392858536585,32.926829268292686,statsbomb
Dimitry Bertaud,1267,107,90,7,3,0,100,7,3,12.107680222265957,14.27059914649697,3,20,95,24.6965247,15,statsbomb
Djigui Diarra,1267,107,480,40,11,3,78.57142857142857,7.5,8,18.152535042963514,27.644167558456157,1.5,122,68.85245901639344,40.88997902459017,48.36065573770492,statsbomb
Edouard Mendy,1267,107,390,28,6,1,85.71428571428571,6.461538461538461,8,14.31106197915863,24.9098374141623,1.8461538461538463,141,80.1418439716312,35.91380228297872,38.297872340425535,statsbomb
Ernan Alberto Siluane,1267,107,180,32,5,4,55.55555555555556,16,1,30.592973049378514,30.592973049378514,0.5,52,78.84615384615384,36.44033481538462,42.30769230769231,statsbomb
Francis Odinaka Uzoho,1267,107,11,3,0,0,,24.545454545454543,,,,,3,0,53.127937,100,statsbomb
Ibrahim Kone,1267,107,450,49,1,5,16.666666666666664,9.799999999999999,5,17.400208569102602,31.11076983939806,1,172,65.11627906976744,44.60500049127907,54.06976744186046,statsbomb
Ivane Carminio Francisco Urrubal,1267,107,90,6,2,0,100,6,,,,,18,94.44444444444444,30.009489055555555,27.77777777777778,statsbomb
Jesús Lázaro Owono Ngua Akeng,1267,107,360,63,14,3,82.35294117647058,15.749999999999998,9,18.528928793885704,37.706895921038104,2.25,157,49.681528662420384,52.62609258535032,68.15286624203821,statsbomb
Jonas Asvedo Mendes,1267,107,90,11,1,0,100,11,4,15.44142126551003,27.74112470683191,4,34,70.58823529411765,39.82412942647059,41.17647058823529,statsbomb
Joseph Fabrice Ondoa Ebogo,1267,107,270,29,8,5,61.53846153846154,9.666666666666666,6,20.294752112418458,24.12343259156955,2,72,65.27777777777779,44.298435159722224,52.77777777777778,statsbomb
Josimar José Évora Dias,1267,107,480,74,13,3,81.25,13.875,3,15.496503066305607,16.022484201895786,0.5625,196,69.38775510204081,39.72031664489796,41.3265306122449,statsbomb
Kouakou Herve Koffi,1267,107,360,43,13,5,72.22222222222221,10.75,2,14.702029625510521,14.720054347725757,0.5,117,69.23076923076923,40.281419947008544,44.44444444444444,statsbomb
Lionel Mpasi-Nzau,1267,107,570,50,9,3,75,7.894736842105263,9,18.553384186131463,34.46070225633831,1.4210526315789473,160,73.75,36.067208154999996,36.25,statsbomb
Lloyd Junior Kazapua,1267,107,360,42,10,6,62.5,10.5,5,24.768596605910464,35.88035674293108,1.25,119,58.82352941176471,47.800216033613445,54.621848739495796,statsbomb
Mohamed Abougabal,1267,107,120,13,0,1,0,9.75,1,16.00312469488381,16.00312469488381,0.75,31,67.74193548387096,39.611249096774195,45.16129032258064,statsbomb
Mohamed El Sayed Mohamed El Shenawy Gomaa,1267,107,270,17,2,6,25,5.666666666666666,2,21.905471660233104,24.62214450449026,0.6666666666666667,49,97.95918367346938,25.43532598163265,20.408163265306122,statsbomb
Ouparine Djoco,1267,107,180,18,4,6,40,9,3,11.120984559892245,14.201408380861384,1.5,39,71.7948717948718,37.401521410256414,38.46153846153847,statsbomb
Richard Ofori Antwi,1267,107,270,39,8,5,61.53846153846154,12.999999999999998,2,15.29344134325749,17.69773996870787,0.6666666666666667,61,63.934426229508205,48.61132052131147,63.934426229508205,statsbomb
Ronwen Williams,1267,107,690,96,20,2,90.9090909090909,12.521739130434783,15,19.78743794958018,41.394323282305265,1.9565217391304348,325,71.6923076923077,41.46507841692308,44,statsbomb
Signori Dominique Nymi António,1267,107,161,24,5,1,83.33333333333334,13.416149068322982,2,22.89143682178705,29.618406439239774,1.1180124223602483,44,63.63636363636363,43.04860784090909,54.54545454545454,statsbomb
Stanley Bobo Nwabali,1267,107,649,78,19,3,86.36363636363636,10.816640986132512,11,21.454370039723816,47.2445764083032,1.5254237288135593,186,67.20430107526882,44.374989210752695,50,statsbomb
Tresford Lawrence Mulenga,1267,107,270,52,13,3,81.25,17.333333333333332,4,21.07929445687153,35.084469498625744,1.3333333333333335,98,83.6734693877551,29.6317853377551,21.428571428571427,statsbomb
Yahia Fofana,1267,107,690,66,12,7,63.1578947368421,8.608695652173914,8,16.40577263480849,39.2127530275547,1.0434782608695652,166,70.48192771084338,42.63848354036144,49.39759036144578,statsbomb
Yassine Bounou,1267,107,360,29,4,3,57.14285714285714,7.250000000000001,5,13.84198503610275,17.204650534085253,1.25,115,77.39130434782608,35.99739201304348,38.26086956521739,statsbomb
